"","Cluster_no","Tweet_ID","Created","User_name","Retweet_count","Original_User"
"14892",15,14935,"11-04-2017 14:36","SukhvinderShahi",12,"Vidyut"
"14891",15,14933,"11-04-2017 14:52","JustinSandefur",27,"JustinSandefur"
"14890",15,14905,"11-04-2017 17:28","ln_anderson",2,"JPAL_Global"
"14889",15,14876,"11-04-2017 22:32","yaroslavs5kop",6,"Accion"
"14888",15,14839,"12-04-2017 00:27","razznyc",0,"razznyc"
"14887",15,14812,"12-04-2017 01:41","TCS",6,"TCS"
"14886",15,14808,"12-04-2017 01:44","palumbo_lucio",6,"TCS"
"14885",15,14784,"12-04-2017 02:13","mituamin",0,"mituamin"
"14884",15,14777,"12-04-2017 02:30","analyseasia",1,"analyseasia"
"14883",15,14762,"12-04-2017 03:00","analyseasia",1,"analyseasia"
"14882",15,14733,"12-04-2017 03:33","navkendar_IDC",1,"analyseasia"
"14881",15,14710,"12-04-2017 04:03","RoboAdviso",0,"RoboAdviso"
"14880",15,14707,"12-04-2017 04:07","KanchenjungaEve",0,"KanchenjungaEve"
"14879",15,14692,"12-04-2017 04:30","VadiaShradha",6,"TCS"
"14878",15,14660,"12-04-2017 05:26","360Steel",0,"360Steel"
"14877",15,14654,"12-04-2017 05:35","marghospitality",1,"marghospitality"
"14876",15,14628,"12-04-2017 06:14","mituamin",0,"mituamin"
"14875",15,14597,"12-04-2017 06:33","arjunknair",1,"marghospitality"
"14874",15,14578,"12-04-2017 06:58","ListlyIndia",0,"ListlyIndia"
"14873",15,14548,"12-04-2017 07:18","preethi50632948",0,"preethi50632948"
"14871",15,14540,"12-04-2017 07:20","saharzaman",0,"saharzaman"
"14872",15,14543,"12-04-2017 07:20","preethi50632948",0,"preethi50632948"
"14870",15,14538,"12-04-2017 07:21","preethi50632948",0,"preethi50632948"
"14869",15,14535,"12-04-2017 07:24","younews_in",0,"younews_in"
"14868",15,14533,"12-04-2017 07:25","4mlvodka",1,"4mlvodka"
"14867",15,14514,"12-04-2017 07:42","N1rajKumar",1,"4mlvodka"
"14866",15,14511,"12-04-2017 07:44","leeee1511",133,"rsprasad"
"14865",15,14503,"12-04-2017 08:00","InnoartTech",0,"InnoartTech"
"14864",15,14433,"12-04-2017 09:36","hrIsletInfotech",6,"TCS"
"14863",15,14425,"12-04-2017 09:51","KedarnathP",6,"TCS"
"14862",15,14415,"12-04-2017 10:20","Kahaanify",0,"Kahaanify"
"14861",15,14393,"12-04-2017 11:19","M0L0NL4BE",0,"M0L0NL4BE"
"14860",15,14391,"12-04-2017 11:20","tutor2uGeoff",4,"tutor2uGeoff"
"14859",15,14383,"12-04-2017 11:28","AsiaSociety",1,"AsiaSociety"
"14858",15,14381,"12-04-2017 11:38","yeonancyb",1,"AsiaSociety"
"14857",15,14378,"12-04-2017 11:40","dnjbehan",4,"tutor2uGeoff"
"14856",15,14377,"12-04-2017 11:45","JColledgeWGSB",4,"tutor2uGeoff"
"14855",15,14374,"12-04-2017 11:55","shankarredd",0,"shankarredd"
"14854",15,14359,"12-04-2017 12:25","GreatGameIndia",6,"GreatGameIndia"
"14853",15,14358,"12-04-2017 12:27","satoshiPL",6,"GreatGameIndia"
"14852",15,14357,"12-04-2017 12:30","LenteCurrite",6,"GreatGameIndia"
"14851",15,14343,"12-04-2017 13:02","arvakagzionly",306,"AksharPathak"
"14850",15,14342,"12-04-2017 13:06","KennethFalke",64,"JavierBlas2"
"14849",15,14332,"12-04-2017 13:20","SM_RETIRERICH",0,"SM_RETIRERICH"
"14848",15,14288,"12-04-2017 14:06","wan_econ",4,"tutor2uGeoff"
"14847",15,14260,"12-04-2017 15:09","JBarnhartICMA",0,"JBarnhartICMA"
"14846",15,14257,"12-04-2017 15:11","NetCatNews",0,"NetCatNews"
"14845",15,14256,"12-04-2017 15:12","payments_source",2,"payments_source"
"14844",15,14255,"12-04-2017 15:13","NetCatNews",0,"NetCatNews"
"14843",15,14254,"12-04-2017 15:14","NetCatNews",0,"NetCatNews"
"14842",15,14251,"12-04-2017 15:16","The_Digital_COO",2,"payments_source"
"14840",15,14245,"12-04-2017 15:24","NarcoTole",2,"payments_source"
"14841",15,14246,"12-04-2017 15:24","BeaLeydier",2,"BeaLeydier"
"14838",15,14227,"12-04-2017 16:02","basicincome",2,"rBasicIncome"
"14839",15,14229,"12-04-2017 16:02","rBasicIncome",2,"rBasicIncome"
"14837",15,14143,"12-04-2017 16:51","guindiaink",2,"BeaLeydier"
"14836",15,14101,"12-04-2017 18:26","LyonetteHelen",4,"tutor2uGeoff"
"14835",15,14077,"12-04-2017 19:13","GreatGameIndia",3,"GreatGameIndia"
"14834",15,14075,"12-04-2017 19:17","satoshiPL",3,"GreatGameIndia"
"14833",15,14065,"12-04-2017 20:26","360Steel",0,"360Steel"
"14832",15,14060,"12-04-2017 21:13","ronit9q",6,"GreatGameIndia"
"14831",15,14056,"12-04-2017 22:00","OilAndGasPeople",0,"OilAndGasPeople"
"14830",15,14053,"12-04-2017 22:20","ZAIN_RAJ",0,"whartonknows"
"14829",15,14051,"12-04-2017 22:24","Aravind8",6,"GreatGameIndia"
"14828",15,14047,"12-04-2017 23:11","cardlessnews",0,"cardlessnews"
"14827",15,14044,"12-04-2017 23:25","pupulationblast",0,"pupulationblast"
"14826",15,14043,"12-04-2017 23:32","nfcbanking",0,"nfcbanking"
"14824",15,14034,"13-04-2017 00:52","bitcoinagile",3,"bitcoinagile"
"14825",15,14035,"13-04-2017 00:52","bijonmehta",2,"bijonmehta"
"14822",15,14032,"13-04-2017 00:53","TechNowOrNever",2,"bijonmehta"
"14823",15,14033,"13-04-2017 00:53","TechNowOrNever",3,"bitcoinagile"
"14820",15,14029,"13-04-2017 00:55","OttLegalRebels",2,"bijonmehta"
"14821",15,14030,"13-04-2017 00:55","OttLegalRebels",3,"bitcoinagile"
"14819",15,14028,"13-04-2017 00:57","alt_bit_coins",0,"alt_bit_coins"
"14818",15,14025,"13-04-2017 01:27","gknmission",0,"gknmission"
"14817",15,14023,"13-04-2017 01:33","etching_it",3,"bitcoinagile"
"14816",15,14022,"13-04-2017 01:40","yalbon781",0,"yalbon781"
"14815",15,14017,"13-04-2017 02:13","mituamin",0,"mituamin"
"14814",15,14013,"13-04-2017 02:25","Pankaj17299614",0,"Pankaj17299614"
"14813",15,14006,"13-04-2017 02:52","goggabachchan",0,"goggabachchan"
"14812",15,14004,"13-04-2017 03:00","analyseasia",1,"analyseasia"
"14811",15,14002,"13-04-2017 03:05","navkendar_IDC",1,"analyseasia"
"14810",15,13991,"13-04-2017 03:30","Smaulgld",0,"Smaulgld"
"14809",15,13872,"13-04-2017 05:16","BQInvstTraining",0,"BQInvstTraining"
"14808",15,13853,"13-04-2017 05:52","techynotions",0,"techynotions"
"14807",15,13806,"13-04-2017 06:59","kailashkgadhvi",0,"kailashkgadhvi"
"14806",15,13755,"13-04-2017 09:09","KudoPay",0,"KudoPay"
"14805",15,13706,"13-04-2017 10:47","PeasantParty",0,"PeasantParty"
"14804",15,13693,"13-04-2017 11:21","tomiahonen",0,"tomiahonen"
"14803",15,13692,"13-04-2017 11:27","360Steel",0,"360Steel"
"14802",15,13672,"13-04-2017 12:32","ola_supports",0,"ola_supports"
"14801",15,13640,"13-04-2017 13:23","GreatGameIndia",3,"GreatGameIndia"
"14800",15,13638,"13-04-2017 13:26","satoshiPL",3,"GreatGameIndia"
"14799",15,13620,"13-04-2017 14:02","amishra77",14,"amishra77"
"14798",15,13616,"13-04-2017 14:08","missartola",14,"amishra77"
"14797",15,13615,"13-04-2017 14:09","AkhaiP",14,"amishra77"
"14796",15,13614,"13-04-2017 14:12","aditya5bahl",14,"amishra77"
"14794",15,13608,"13-04-2017 14:15","rajeshdipti",14,"amishra77"
"14795",15,13610,"13-04-2017 14:15","Compassion111",14,"amishra77"
"14793",15,13605,"13-04-2017 14:18","bhuwanchand",14,"amishra77"
"14792",15,13604,"13-04-2017 14:19","akv1179",14,"amishra77"
"14791",15,13603,"13-04-2017 14:21","catchmejit",14,"amishra77"
"14790",15,13600,"13-04-2017 14:29","upratap09",14,"amishra77"
"14788",15,13597,"13-04-2017 14:37","MaximusDecimas",3,"GreatGameIndia"
"14789",15,13598,"13-04-2017 14:37","MaximusDecimas",6,"GreatGameIndia"
"14787",15,13596,"13-04-2017 14:39","hcburnwal",0,"hcburnwal"
"14786",15,13586,"13-04-2017 14:54","turvytopsy",0,"turvytopsy"
"14785",15,13585,"13-04-2017 14:57","deadmilkman",0,"deadmilkman"
"14783",15,13583,"13-04-2017 15:01","dinapomeranz",5,"JPAL_Global"
"14784",15,13584,"13-04-2017 15:01","JPAL_Global",5,"JPAL_Global"
"14782",15,13582,"13-04-2017 15:02","realucstweet",0,"realucstweet"
"14781",15,13581,"13-04-2017 15:05","vinnyarmentano",5,"JPAL_Global"
"14778",15,13578,"13-04-2017 15:07","Takeda_Shingen1",0,"Takeda_Shingen1"
"14779",15,13579,"13-04-2017 15:07","David_S_Ying",0,"David_S_Ying"
"14780",15,13580,"13-04-2017 15:07","nixxin",3,"nixxin"
"14777",15,13577,"13-04-2017 15:08","ForTraders",0,"ForTraders"
"14775",15,13571,"13-04-2017 15:12","AndyatCorus",0,"AndyatCorus"
"14776",15,13572,"13-04-2017 15:12","networkreading",0,"networkreading"
"14774",15,13569,"13-04-2017 15:14","MilanV",22,"MilanV"
"14773",15,13566,"13-04-2017 15:23","EvanFeigenbaum",22,"MilanV"
"14772",15,13562,"13-04-2017 15:33","itshappydays",0,"itshappydays"
"14771",15,13561,"13-04-2017 15:36","sha",3,"nixxin"
"14770",15,13557,"13-04-2017 15:39","CitadelNY",0,"CitadelNY"
"14769",15,13550,"13-04-2017 15:48","CiscoBlogs",1,"CiscoBlogs"
"14768",15,13548,"13-04-2017 15:50","KeeslerWelch",5,"JPAL_Global"
"14766",15,13535,"13-04-2017 16:00","Aldk86",22,"MilanV"
"14767",15,13540,"13-04-2017 16:00","RichardRossow",22,"MilanV"
"14765",15,13534,"13-04-2017 16:01","LariaLGenViller",1,"CiscoBlogs"
"14764",15,13529,"13-04-2017 16:12","rvasisht",14,"amishra77"
"14763",15,13528,"13-04-2017 16:13","deshvenkatesh",22,"MilanV"
"14762",15,13511,"13-04-2017 16:44","SidharthaTOI",22,"MilanV"
"14761",15,13500,"13-04-2017 16:56","drvds59",4,"trickydonor"
"14760",15,13497,"13-04-2017 17:03","nationofmyrules",0,"nationofmyrules"
"14759",15,13493,"13-04-2017 17:08","vikramadhiman",0,"vikramadhiman"
"14758",15,13492,"13-04-2017 17:09","chandri1940",14,"amishra77"
"14757",15,13486,"13-04-2017 17:18","nafeajames",3,"nixxin"
"14756",15,13480,"13-04-2017 17:27","myePaisa",1,"myePaisa"
"14755",15,13479,"13-04-2017 17:29","DavidKeo",22,"MilanV"
"14754",15,13472,"13-04-2017 17:43","k_barua",22,"MilanV"
"14753",15,13470,"13-04-2017 17:45","MoHossain",22,"MilanV"
"14752",15,13466,"13-04-2017 17:58","bitcointonic",0,"bitcointonic"
"14751",15,13455,"13-04-2017 19:00","JournoDebjit",4,"BloombergQuint"
"14750",15,13452,"13-04-2017 19:15","360Steel",0,"360Steel"
"14749",15,13440,"13-04-2017 20:19","azomer",2,"azomer"
"14748",15,13438,"13-04-2017 20:21","JPAL_Global",2,"azomer"
"14747",15,13437,"13-04-2017 20:22","mitgovlab",2,"azomer"
"14746",15,13434,"13-04-2017 20:28","JPAL_Global",1,"JPAL_Global"
"14745",15,13431,"13-04-2017 20:29","jbuitrago",2,"jbuitrago"
"14744",15,13430,"13-04-2017 20:31","JPAL_Global",2,"JPAL_Global"
"14743",15,13429,"13-04-2017 20:32","azomer",2,"JPAL_Global"
"14742",15,13428,"13-04-2017 20:33","aspremolla",2,"JPAL_Global"
"14740",15,13412,"13-04-2017 20:47","lucasllach",2,"jbuitrago"
"14741",15,13413,"13-04-2017 20:47","tizianomdb",2,"jbuitrago"
"14739",15,13386,"13-04-2017 22:45","FatihaH_CPS",0,"FatihaH_CPS"
"14738",15,13382,"13-04-2017 23:00","MyLoc_Tracker",0,"MyLoc_Tracker"
"14737",15,13366,"14-04-2017 01:32","jdossias",0,"jdossias"
"14736",15,13358,"14-04-2017 02:14","mituamin",0,"mituamin"
"14735",15,13347,"14-04-2017 02:28","360Steel",0,"360Steel"
"14734",15,13334,"14-04-2017 03:00","analyseasia",1,"analyseasia"
"14733",15,13331,"14-04-2017 03:03","NetCatNews",0,"NetCatNews"
"14732",15,13329,"14-04-2017 03:04","NetCatNews",0,"NetCatNews"
"14731",15,13328,"14-04-2017 03:05","NetCatNews",0,"NetCatNews"
"14730",15,13327,"14-04-2017 03:06","NetCatNews",0,"NetCatNews"
"14729",15,13322,"14-04-2017 03:11","navkendar_IDC",1,"analyseasia"
"14728",15,13321,"14-04-2017 03:12","chupchap",3,"nixxin"
"14727",15,13313,"14-04-2017 03:26","kaushkrahul",3,"kaushkrahul"
"14726",15,13312,"14-04-2017 03:30","TheJaipurGuy",3,"kaushkrahul"
"14725",15,13311,"14-04-2017 03:37","rohitagarwal86",3,"kaushkrahul"
"14724",15,13310,"14-04-2017 03:40","rudha13",0,"rudha13"
"14723",15,13309,"14-04-2017 03:42","nilleo007",3,"kaushkrahul"
"14722",15,13281,"14-04-2017 05:49","jac1770",5,"JPAL_Global"
"14721",15,13270,"14-04-2017 06:14","mituamin",0,"mituamin"
"14720",15,13258,"14-04-2017 06:34","shahinkunnath",1,"myePaisa"
"14719",15,13237,"14-04-2017 07:17","UlkaKelkar",0,"UlkaKelkar"
"14718",15,13148,"14-04-2017 11:41","ShriramAutomall",0,"ShriramAutomall"
"14717",15,13143,"14-04-2017 11:45","Suresh47614767",0,"Suresh47614767"
"14716",15,13131,"14-04-2017 12:22","equity_focus",3,"aakashhindocha"
"14715",15,13125,"14-04-2017 13:00","Dakinisun",2,"rBasicIncome"
"14714",15,13116,"14-04-2017 13:59","InnovativeHindu",14,"amishra77"
"14713",15,13106,"14-04-2017 14:22","NileshShah68",22,"MilanV"
"14712",15,13105,"14-04-2017 14:24","KoradiaRaj",22,"MilanV"
"14711",15,13104,"14-04-2017 14:25","5xnewx",22,"MilanV"
"14710",15,13097,"14-04-2017 14:43","mega_petyushin",0,"mega_petyushin"
"14709",15,13096,"14-04-2017 14:45","saaxenanurag",1,"saaxenanurag"
"14708",15,13095,"14-04-2017 14:46","abhishekajha297",1,"saaxenanurag"
"14707",15,13092,"14-04-2017 14:57","AchimW",0,"AchimW"
"14706",15,13086,"14-04-2017 15:10","vvaidyanathan2",22,"MilanV"
"14705",15,13085,"14-04-2017 15:11","Klawtawar",0,"Klawtawar"
"14704",15,13083,"14-04-2017 15:14","bhramakshri",0,"bhramakshri"
"14703",15,13082,"14-04-2017 15:16","alok_19",22,"MilanV"
"14702",15,13081,"14-04-2017 15:21","SanjayJ06000729",22,"MilanV"
"14701",15,13080,"14-04-2017 15:26","sarsij",22,"MilanV"
"14700",15,13077,"14-04-2017 15:39","dna",4,"dna"
"14698",15,13075,"14-04-2017 15:41","AhamedAnsar",0,"AhamedAnsar"
"14699",15,13076,"14-04-2017 15:41","rajnitture",4,"dna"
"14697",15,13073,"14-04-2017 15:45","ChirmattiChhori",4,"dna"
"14696",15,13070,"14-04-2017 15:49","dna",14,"dna"
"14695",15,13069,"14-04-2017 15:50","Khasalaram4",14,"dna"
"14692",15,13065,"14-04-2017 15:51","SinghDeorabalda",14,"dna"
"14693",15,13066,"14-04-2017 15:51","mvenkatesh1951",14,"dna"
"14694",15,13067,"14-04-2017 15:51","saurabhmukerji",14,"dna"
"14690",15,13063,"14-04-2017 15:52","_DarkHumor",14,"dna"
"14691",15,13064,"14-04-2017 15:52","coolshivam",14,"dna"
"14688",15,13061,"14-04-2017 15:53","chethanmsalian",14,"dna"
"14689",15,13062,"14-04-2017 15:53","Wolverin81",14,"dna"
"14687",15,13060,"14-04-2017 15:54","ramana1729",14,"dna"
"14686",15,13059,"14-04-2017 15:55","saurabhmukerji",4,"dna"
"14685",15,13055,"14-04-2017 16:06","DoctorZolachhap",14,"dna"
"14683",15,13052,"14-04-2017 16:15","daringbazzz",14,"dna"
"14684",15,13053,"14-04-2017 16:15","deepthipillai1",22,"MilanV"
"14682",15,13041,"14-04-2017 16:45","BitcoinBtcNews",0,"BitcoinBtcNews"
"14681",15,13040,"14-04-2017 16:48","paragsaharia",0,"paragsaharia"
"14680",15,13032,"14-04-2017 17:20","JessieBottcher",0,"JessieBottcher"
"14679",15,13029,"14-04-2017 17:29","360Steel",0,"360Steel"
"14678",15,13006,"14-04-2017 18:14","vrsrini",1,"vrsrini"
"14677",15,13001,"14-04-2017 18:33","rootsrachere191",49,"wef"
"14676",15,13000,"14-04-2017 18:35","Saood_Jamal",14,"dna"
"14675",15,12994,"14-04-2017 19:31","ProudKanpuriya",0,"ProudKanpuriya"
"14674",15,12989,"14-04-2017 20:04","RakeshB81824617",587,"SickularLibtard"
"14673",15,12906,"14-04-2017 23:16","KevinHope4",0,"KevinHope4"
"14672",15,12896,"14-04-2017 23:45","BitcoinBtcNews",0,"BitcoinBtcNews"
"14671",15,12879,"15-04-2017 01:47","mkr19",0,"mkr19"
"14670",15,12874,"15-04-2017 02:03","imeerage",1,"imeerage"
"14669",15,12865,"15-04-2017 02:32","rksinghn",0,"rksinghn"
"14668",15,12856,"15-04-2017 02:53","pratikpatel939",22,"MilanV"
"14666",15,12838,"15-04-2017 03:38","ajayrashmivyas",24,"bjpsamvad"
"14667",15,12839,"15-04-2017 03:38","bjpsamvad",24,"bjpsamvad"
"14665",15,12837,"15-04-2017 03:40","Rajendr76194898",24,"bjpsamvad"
"14664",15,12836,"15-04-2017 03:42","Jagadish_100",24,"bjpsamvad"
"14662",15,12833,"15-04-2017 03:44","raviagrawalbjp",24,"bjpsamvad"
"14663",15,12834,"15-04-2017 03:44","abhay_runwal",24,"bjpsamvad"
"14661",15,12831,"15-04-2017 03:48","omgupta60",1,"vrsrini"
"14660",15,12828,"15-04-2017 03:50","bjym_jk",0,"bjym_jk"
"14659",15,12825,"15-04-2017 03:54","DasMattu",24,"bjpsamvad"
"14658",15,12822,"15-04-2017 04:06","sanjay99000",24,"bjpsamvad"
"14656",15,12818,"15-04-2017 04:19","AmitPandey476",24,"bjpsamvad"
"14657",15,12819,"15-04-2017 04:19","p_sahibsingh",24,"bjpsamvad"
"14655",15,12817,"15-04-2017 04:22","nuggettoffy",24,"bjpsamvad"
"14654",15,12816,"15-04-2017 04:28","maratheshail",2,"maratheshail"
"14653",15,12808,"15-04-2017 04:40","cerealsmiamiam",2,"maratheshail"
"14652",15,12796,"15-04-2017 05:27","ThinkingHearts",1,"ThinkingHearts"
"14651",15,12781,"15-04-2017 06:12","ajayisk",24,"bjpsamvad"
"14650",15,12780,"15-04-2017 06:14","mituamin",0,"mituamin"
"14649",15,12777,"15-04-2017 06:20","sanjaytripathi3",24,"bjpsamvad"
"14648",15,12773,"15-04-2017 06:25","BJPSamvadWB",24,"bjpsamvad"
"14647",15,12763,"15-04-2017 06:54","IHarjeetR",1,"imeerage"
"14646",15,12748,"15-04-2017 08:31","360Steel",0,"360Steel"
"14645",15,12738,"15-04-2017 08:55","JasBJP",24,"bjpsamvad"
"14644",15,12735,"15-04-2017 09:20","bjpsamvad",24,"bjpsamvad"
"14642",15,12727,"15-04-2017 09:33","AstrologistIndi",24,"bjpsamvad"
"14643",15,12729,"15-04-2017 09:33","manishk1392",24,"bjpsamvad"
"14641",15,12726,"15-04-2017 09:34","pankpoetakh",24,"bjpsamvad"
"14640",15,12724,"15-04-2017 09:37","arvind__sen",24,"bjpsamvad"
"14639",15,12718,"15-04-2017 09:53","joshmo01",2,"maratheshail"
"14638",15,12717,"15-04-2017 10:16","pruss5015",0,"pruss5015"
"14637",15,12678,"15-04-2017 11:55","jeanguilherme__",6,"TCS"
"14636",15,12667,"15-04-2017 12:18","rewasmisra",1,"JPAL_Global"
"14635",15,12662,"15-04-2017 12:31","nayansharma62",0,"nayansharma62"
"14634",15,12658,"15-04-2017 12:42","PintuJadhavBJP",1,"ThinkingHearts"
"14633",15,12654,"15-04-2017 13:00","CGDev",2,"CGDev"
"14632",15,12653,"15-04-2017 13:01","MilanV",2,"CGDev"
"14631",15,12652,"15-04-2017 13:12","EquityAdil",22,"MilanV"
"14630",15,12649,"15-04-2017 13:29","dundeshchiniwar",0,"dundeshchiniwar"
"14629",15,12637,"15-04-2017 14:10","GreatGameIndia",6,"GreatGameIndia"
"14628",15,12635,"15-04-2017 14:12","satoshiPL",6,"GreatGameIndia"
"14627",15,12627,"15-04-2017 14:48","viramchaubey",1,"viramchaubey"
"14626",15,12624,"15-04-2017 14:51","satish_patidar_",17,"virbhadrasingh"
"14625",15,12615,"15-04-2017 15:10","upamanyunsp",4,"dna"
"14624",15,12572,"15-04-2017 17:30","trunils",24,"bjpsamvad"
"14623",15,12570,"15-04-2017 17:42","Stupidosaur",6,"GreatGameIndia"
"14622",15,12558,"15-04-2017 18:32","PuravaPakash",22,"MilanV"
"14621",15,12544,"15-04-2017 19:03","mgrg7",6,"GreatGameIndia"
"14620",15,12534,"15-04-2017 19:24","AnnieLowrey",2,"CGDev"
"14619",15,12523,"15-04-2017 19:44","TrinhDieuNguyen",0,"TrinhDieuNguyen"
"14617",15,12515,"15-04-2017 19:56","ElenaHaskins",3,"GreatGameIndia"
"14618",15,12516,"15-04-2017 19:56","ElenaHaskins",6,"GreatGameIndia"
"14616",15,12514,"15-04-2017 19:57","ElenaHaskins",3,"GreatGameIndia"
"14615",15,12491,"15-04-2017 20:40","AmitabhPoddar1",24,"bjpsamvad"
"14614",15,12479,"15-04-2017 21:04","suhanabhavishya",24,"bjpsamvad"
"14613",15,12462,"15-04-2017 23:32","360Steel",0,"360Steel"
"14612",15,12422,"16-04-2017 01:06","piyushjswl05",6,"GreatGameIndia"
"14611",15,12419,"16-04-2017 01:45","hitechdayscom",0,"hitechdayscom"
"14610",15,11697,"16-04-2017 08:06","ramansrikanth",0,"ramansrikanth"
"14609",15,11583,"16-04-2017 09:18","maanasag",0,"maanasag"
"14608",15,11568,"16-04-2017 09:32","N_Prathmesh09",0,"N_Prathmesh09"
"14607",15,11478,"16-04-2017 11:01","bankersclub_in",0,"bankersclub_in"
"14606",15,11183,"16-04-2017 14:32","360Steel",0,"360Steel"
"14605",15,11020,"16-04-2017 16:21","rvdilip",22,"MilanV"
"14604",15,11003,"16-04-2017 16:32","ChweeneyTodd",22,"MilanV"
"14603",15,10968,"16-04-2017 17:00","CGDev",2,"CGDev"
"14602",15,10921,"16-04-2017 17:26","SmallBusiness27",0,"SmallBusiness27"
"14601",15,10822,"16-04-2017 18:44","bansal023",0,"bansal023"
"14600",15,10803,"16-04-2017 19:06","yogeshdesaica",0,"yogeshdesaica"
"14599",15,10774,"16-04-2017 19:53","LivingOnChi",3,"LivingOnChi"
"14598",15,10773,"16-04-2017 19:54","IsotopeC14",3,"LivingOnChi"
"14597",15,10765,"16-04-2017 19:59","bernierockson",3,"LivingOnChi"
"14596",15,10762,"16-04-2017 20:03","vague_reality",3,"LivingOnChi"
"14595",15,10705,"16-04-2017 22:50","dmchheda",2,"CGDev"
"14594",15,10690,"17-04-2017 00:33","LivingOnChi",5,"LivingOnChi"
"14593",15,10689,"17-04-2017 00:34","netminnow",5,"LivingOnChi"
"14592",15,10686,"17-04-2017 00:40","RodgerClark66",5,"LivingOnChi"
"14590",15,10677,"17-04-2017 00:54","OldSilasWebster",5,"LivingOnChi"
"14591",15,10678,"17-04-2017 00:54","SayWhat83040737",5,"LivingOnChi"
"14589",15,10667,"17-04-2017 01:12","rjsulzer",5,"LivingOnChi"
"14588",15,10632,"17-04-2017 02:00","OilAndGasPeople",0,"OilAndGasPeople"
"14587",15,10621,"17-04-2017 02:14","mituamin",0,"mituamin"
"14586",15,10604,"17-04-2017 02:45","dhruvbhim",2,"CGDev"
"14585",15,10592,"17-04-2017 03:02","DSaDarryl",0,"DSaDarryl"
"14584",15,10529,"17-04-2017 04:55","eltekia_fm",0,"eltekia_fm"
"14583",15,10526,"17-04-2017 05:00","bitcoinagile",0,"bitcoinagile"
"14582",15,10523,"17-04-2017 05:03","alt_bit_coins",0,"alt_bit_coins"
"14581",15,10507,"17-04-2017 05:33","360Steel",0,"360Steel"
"14580",15,10483,"17-04-2017 06:14","mituamin",0,"mituamin"
"14579",15,10464,"17-04-2017 06:59","rsadvisories",0,"rsadvisories"
"14578",15,10460,"17-04-2017 07:02","AtomTech_India",1,"AbhishantPant"
"14577",15,10457,"17-04-2017 07:11","tomasconde",0,"tomasconde"
"14576",15,10456,"17-04-2017 07:17","nallaganesh",0,"nallaganesh"
"14575",15,10425,"17-04-2017 08:09","slonkit",0,"slonkit"
"14574",15,10414,"17-04-2017 08:33","StreetBuzzApp",1,"StreetBuzzApp"
"14573",15,10392,"17-04-2017 09:06","sourishwithu",24,"CB_CII"
"14572",15,10353,"17-04-2017 10:21","snehabanerg",3,"snehabanerg"
"14568",15,10349,"17-04-2017 10:23","bpuand",3,"snehabanerg"
"14569",15,10350,"17-04-2017 10:23","thekenshen",0,"thekenshen"
"14570",15,10351,"17-04-2017 10:23","gabriel_hussy",0,"gabriel_hussy"
"14571",15,10352,"17-04-2017 10:23","HorMarian",0,"HorMarian"
"14566",15,10343,"17-04-2017 10:25","appmevee",0,"appmevee"
"14567",15,10346,"17-04-2017 10:25","I_AM_Finance",0,"I_AM_Finance"
"14564",15,10340,"17-04-2017 10:26","simonstarjoy",0,"simonstarjoy"
"14565",15,10341,"17-04-2017 10:26","everiting",0,"everiting"
"14563",15,10339,"17-04-2017 10:28","Berder_",0,"Berder_"
"14562",15,10338,"17-04-2017 10:30","toggltime",0,"toggltime"
"14561",15,10336,"17-04-2017 10:31","Xtechnews",1,"Xtechnews"
"14560",15,10332,"17-04-2017 10:35","DHQLounge",0,"DHQLounge"
"14558",15,10328,"17-04-2017 10:42","FoodmfgUK",1,"Xtechnews"
"14559",15,10330,"17-04-2017 10:42","BlumeVentures",3,"snehabanerg"
"14557",15,10326,"17-04-2017 10:44","DHQLounge",0,"DHQLounge"
"14556",15,10323,"17-04-2017 10:49","rohitsingh_3400",0,"rohitsingh_3400"
"14555",15,10322,"17-04-2017 10:51","iSocialMediaSea",0,"iSocialMediaSea"
"14554",15,10309,"17-04-2017 11:09","galigio",0,"galigio"
"14552",15,10307,"17-04-2017 11:14","DHQLounge",0,"DHQLounge"
"14553",15,10308,"17-04-2017 11:14","Panoss_64",0,"Panoss_64"
"14551",15,10300,"17-04-2017 11:21","monalisharma10",0,"monalisharma10"
"14550",15,10299,"17-04-2017 11:27","geeta_menon",0,"geeta_menon"
"14549",15,10284,"17-04-2017 12:01","analyseasia",1,"analyseasia"
"14548",15,10281,"17-04-2017 12:04","QuatrroRiskMgmt",0,"QuatrroRiskMgmt"
"14547",15,10275,"17-04-2017 12:31","_mystorycom",0,"_mystorycom"
"14546",15,10269,"17-04-2017 12:52","navkendar_IDC",1,"analyseasia"
"14544",15,10265,"17-04-2017 13:00","Trini2015",1,"CGDev"
"14545",15,10266,"17-04-2017 13:00","CGDev",1,"CGDev"
"14543",15,10254,"17-04-2017 13:08","iinderz",0,"iinderz"
"14542",15,10240,"17-04-2017 13:55","MukundTweets",0,"MukundTweets"
"14541",15,10186,"17-04-2017 15:08","garybcohen",1,"garybcohen"
"14540",15,10176,"17-04-2017 15:34","DanielSnchezRna",1,"garybcohen"
"14539",15,10161,"17-04-2017 16:16","MoneyonMobileIR",2,"MoneyonMobileIR"
"14537",15,10156,"17-04-2017 16:24","prasadshetty55",2,"MoneyonMobileIR"
"14538",15,10157,"17-04-2017 16:24","06QloGK2bPNsTkQ",5,"JPAL_Global"
"14536",15,10154,"17-04-2017 16:27","BalramS01",2,"MoneyonMobileIR"
"14535",15,10144,"17-04-2017 17:03","AnnieLowrey",3,"AnnieLowrey"
"14534",15,10141,"17-04-2017 17:11","albrgr",3,"AnnieLowrey"
"14533",15,10097,"17-04-2017 18:44","ehaglund",0,"ehaglund"
"14532",15,10096,"17-04-2017 18:48","sanjaynath",3,"snehabanerg"
"14530",15,10090,"17-04-2017 18:53","sffed",3,"sffed"
"14531",15,10091,"17-04-2017 18:53","indrakavi2005",0,"indrakavi2005"
"14529",15,10088,"17-04-2017 18:57","ola_supports",0,"ola_supports"
"14528",15,10078,"17-04-2017 20:00","CGDev",3,"CGDev"
"14527",15,10074,"17-04-2017 20:26","laimeerobertson",0,"laimeerobertson"
"14526",15,10066,"17-04-2017 21:00","PasaMortgage",6,"TCS"
"14525",15,10059,"17-04-2017 21:59","SFAsiaFinance",3,"sffed"
"14524",15,10055,"17-04-2017 22:05","jesisoles",3,"CGDev"
"14523",15,10054,"17-04-2017 22:12","rightdevblog",3,"CGDev"
"14522",15,10047,"17-04-2017 23:22","TonyFratto",3,"AnnieLowrey"
"14521",15,10046,"17-04-2017 23:29","adviseagainstit",0,"adviseagainstit"
"14520",15,10020,"18-04-2017 01:02","malstronikus",3,"sffed"
"14519",15,9981,"18-04-2017 02:13","mituamin",0,"mituamin"
"14518",15,9976,"18-04-2017 02:30","iamaniku",3,"CGDev"
"14517",15,9969,"18-04-2017 02:55","netcitizen",0,"netcitizen"
"14516",15,9967,"18-04-2017 03:02","NetCatNews",0,"NetCatNews"
"14515",15,9964,"18-04-2017 03:09","moneycontrolcom",6,"moneycontrolcom"
"14514",15,9963,"18-04-2017 03:10","vyjjy",6,"moneycontrolcom"
"14513",15,9961,"18-04-2017 03:15","kimeshchudasma",6,"moneycontrolcom"
"14512",15,9955,"18-04-2017 03:21","forextrader755",0,"forextrader755"
"14511",15,9951,"18-04-2017 03:36","Gaurav__Dutta",0,"Gaurav__Dutta"
"14510",15,9948,"18-04-2017 03:48","sujaykkumaar",6,"moneycontrolcom"
"14509",15,9942,"18-04-2017 04:01","betiforex_com",0,"betiforex_com"
"14508",15,9940,"18-04-2017 04:15","kaushik_banrjee",6,"moneycontrolcom"
"14507",15,9913,"18-04-2017 04:57","Parantapaa",0,"Parantapaa"
"14505",15,9910,"18-04-2017 04:58","Nirvanaorgsg",0,"Nirvanaorgsg"
"14506",15,9911,"18-04-2017 04:58","Nirvanaorgsg",0,"Nirvanaorgsg"
"14504",15,9896,"18-04-2017 05:28","tathya",0,"tathya"
"14503",15,9878,"18-04-2017 06:06","SecretaryMEITY",43,"SecretaryMEITY"
"14502",15,9871,"18-04-2017 06:25","ashuakt85",43,"SecretaryMEITY"
"14501",15,9866,"18-04-2017 06:37","stpiindia",43,"SecretaryMEITY"
"14499",15,9860,"18-04-2017 06:45","rohan91bose",43,"SecretaryMEITY"
"14500",15,9862,"18-04-2017 06:45","CSCegov_",43,"SecretaryMEITY"
"14497",15,9856,"18-04-2017 06:48","codemojoio",2,"codemojoio"
"14498",15,9857,"18-04-2017 06:48","kimeshchudasma",43,"SecretaryMEITY"
"14495",15,9854,"18-04-2017 06:49","DonaldNdoro",2,"codemojoio"
"14496",15,9855,"18-04-2017 06:49","bgiddu",43,"SecretaryMEITY"
"14494",15,9852,"18-04-2017 06:52","mathiassteck",2,"codemojoio"
"14493",15,9851,"18-04-2017 06:55","isurenk",43,"SecretaryMEITY"
"14492",15,9847,"18-04-2017 06:57","GoI_MeitY",43,"SecretaryMEITY"
"14491",15,9846,"18-04-2017 06:58","azuitshi",43,"SecretaryMEITY"
"14490",15,9843,"18-04-2017 06:59","Dmonetisation",1,"Dmonetisation"
"14489",15,9842,"18-04-2017 07:00","anshumapandit90",43,"SecretaryMEITY"
"14487",15,9840,"18-04-2017 07:01","aashish81us",1,"Dmonetisation"
"14488",15,9841,"18-04-2017 07:01","ranjanvkanchan",43,"SecretaryMEITY"
"14485",15,9838,"18-04-2017 07:02","Nayakmpl",43,"SecretaryMEITY"
"14486",15,9839,"18-04-2017 07:02","sahilkhurana09",0,"monetisation"
"14484",15,9836,"18-04-2017 07:07","Harekrishna9001",43,"SecretaryMEITY"
"14483",15,9833,"18-04-2017 07:20","OutOfOfficeRG",43,"SecretaryMEITY"
"14482",15,9828,"18-04-2017 07:28","kscse2013",43,"SecretaryMEITY"
"14481",15,9813,"18-04-2017 08:35","s_chakravorti",0,"s_chakravorti"
"14480",15,9812,"18-04-2017 08:36","BarwarSanjay",43,"SecretaryMEITY"
"14479",15,9804,"18-04-2017 08:47","sgrajanblr",43,"SecretaryMEITY"
"14478",15,9803,"18-04-2017 08:54","ckswetha1",43,"SecretaryMEITY"
"14477",15,9797,"18-04-2017 08:59","PriyaGautamJha",43,"SecretaryMEITY"
"14476",15,9794,"18-04-2017 09:07","VFSPL",1,"VFSPL"
"14475",15,9790,"18-04-2017 09:15","rahulssg",43,"SecretaryMEITY"
"14474",15,9789,"18-04-2017 09:17","pradipjaitly",0,"pradipjaitly"
"14472",15,9783,"18-04-2017 09:30","VKShrivastava31",0,"VKShrivastava31"
"14473",15,9784,"18-04-2017 09:30","Shrikant_STPIB",43,"SecretaryMEITY"
"14471",15,9761,"18-04-2017 10:00","alok_nayak",43,"SecretaryMEITY"
"14470",15,9736,"18-04-2017 11:18","hg6",0,"hg6"
"14469",15,9728,"18-04-2017 11:38","ravi_sc_stpi",43,"SecretaryMEITY"
"14468",15,9726,"18-04-2017 11:39","anand80k",43,"SecretaryMEITY"
"14467",15,9721,"18-04-2017 11:49","JustinSandefur",5,"JustinSandefur"
"14466",15,9720,"18-04-2017 11:50","irfannooruddin",5,"JustinSandefur"
"14464",15,9713,"18-04-2017 12:00","JMorduch",1,"JMorduch"
"14465",15,9715,"18-04-2017 12:00","m_clem",5,"JustinSandefur"
"14463",15,9712,"18-04-2017 12:01","analyseasia",1,"analyseasia"
"14462",15,9709,"18-04-2017 12:06","navkendar_IDC",1,"analyseasia"
"14461",15,9708,"18-04-2017 12:11","Jaya_STPIBLR",43,"SecretaryMEITY"
"14460",15,9706,"18-04-2017 12:13","sundeepgummadi",0,"sundeepgummadi"
"14459",15,9705,"18-04-2017 12:17","mganeshr1997",43,"SecretaryMEITY"
"14458",15,9704,"18-04-2017 12:26","STPIBengaluru",43,"SecretaryMEITY"
"14457",15,9702,"18-04-2017 12:29","SushmaKS2",43,"SecretaryMEITY"
"14456",15,9698,"18-04-2017 12:36","PaulFNiehaus",5,"JustinSandefur"
"14455",15,9691,"18-04-2017 12:55","tahers786",43,"SecretaryMEITY"
"14454",15,9688,"18-04-2017 13:00","CGDev",0,"CGDev"
"14453",15,9677,"18-04-2017 13:12","Finclusion_FII",1,"JMorduch"
"14452",15,9666,"18-04-2017 13:59","CGDev",1,"CGDev"
"14451",15,9665,"18-04-2017 14:00","rohithjyo",2,"rohithjyo"
"14450",15,9663,"18-04-2017 14:04","IEAKwame",1,"CGDev"
"14449",15,9661,"18-04-2017 14:05","CGDev",2,"CGDev"
"14448",15,9659,"18-04-2017 14:07","glassmanamanda",1,"glassmanamanda"
"14447",15,9657,"18-04-2017 14:08","asoucat",2,"CGDev"
"14446",15,9655,"18-04-2017 14:10","CGDev",1,"glassmanamanda"
"14445",15,9653,"18-04-2017 14:13","pranesh",2,"rohithjyo"
"14444",15,9651,"18-04-2017 14:14","luciaruggiero",2,"CGDev"
"14441",15,9648,"18-04-2017 14:15","CGDev",1,"CGDev"
"14442",15,9649,"18-04-2017 14:15","abhi_sinha00",0,"abhi_sinha00"
"14443",15,9650,"18-04-2017 14:15","CNNnews18",7,"CNNnews18"
"14439",15,9646,"18-04-2017 14:16","dishanksharma05",0,"dishanksharma05"
"14440",15,9647,"18-04-2017 14:16","ishtkam",0,"ishtkam"
"14437",15,9644,"18-04-2017 14:17","RaisinaSeries",7,"CNNnews18"
"14438",15,9645,"18-04-2017 14:17","BarisBayram2045",1,"CGDev"
"14436",15,9627,"18-04-2017 14:30","Satyapriyan",1,"Satyapriyan"
"14435",15,9608,"18-04-2017 14:39","glassmanamanda",0,"glassmanamanda"
"14434",15,9607,"18-04-2017 14:45","grumpeoldman",2,"rohithjyo"
"14433",15,9605,"18-04-2017 14:50","Paragbhandari1",7,"CNNnews18"
"14432",15,9604,"18-04-2017 14:57","mohitsmartlove",7,"CNNnews18"
"14431",15,9603,"18-04-2017 15:02","FernandFaria",0,"FernandFaria"
"14429",15,9598,"18-04-2017 15:21","MOOC5",0,"MOOC5"
"14430",15,9599,"18-04-2017 15:21","NetCatNews",0,"NetCatNews"
"14428",15,9597,"18-04-2017 15:23","NetCatNews",0,"NetCatNews"
"14427",15,9596,"18-04-2017 15:27","NetCatNews",0,"NetCatNews"
"14426",15,9591,"18-04-2017 15:36","NetCatNews",0,"NetCatNews"
"14425",15,9587,"18-04-2017 15:48","bishakha",7,"CNNnews18"
"14424",15,9536,"18-04-2017 16:08","Arun2981",7,"CNNnews18"
"14423",15,9534,"18-04-2017 16:13","STPIGANDHINAGAR",43,"SecretaryMEITY"
"14422",15,9512,"18-04-2017 17:10","Amit___Yadav",0,"Amit___Yadav"
"14421",15,9495,"18-04-2017 17:57","AnshuJuhee",1,"StreetBuzzApp"
"14420",15,9483,"18-04-2017 18:37","ruslan75j6belov",3,"sffed"
"14419",15,9463,"18-04-2017 19:37","BasicIncomeNews",5,"JustinSandefur"
"14418",15,9459,"18-04-2017 19:57","LivingOnChi",0,"LivingOnChi"
"14417",15,9454,"18-04-2017 20:25","Vivek_Handoo",43,"SecretaryMEITY"
"14416",15,9451,"18-04-2017 20:48","Smaulgld",0,"Smaulgld"
"14415",15,9447,"18-04-2017 21:45","MilanV",13,"MilanV"
"14414",15,9440,"18-04-2017 22:48","feezanalam",0,"feezanalam"
"14413",15,9439,"18-04-2017 22:50","ShankiB",13,"MilanV"
"14411",15,9436,"18-04-2017 23:29","AnnieLowrey",13,"MilanV"
"14412",15,9437,"18-04-2017 23:29","arvindsubraman",13,"MilanV"
"14408",15,9427,"19-04-2017 00:16","kaalapani123",6,"Janamejayan"
"14409",15,9429,"19-04-2017 00:16","rahultri1977",6,"Janamejayan"
"14410",15,9430,"19-04-2017 00:16","Janamejayan",6,"Janamejayan"
"14407",15,9424,"19-04-2017 00:17","nviswam",6,"Janamejayan"
"14406",15,9418,"19-04-2017 00:18","setkin62",13,"MilanV"
"14405",15,9414,"19-04-2017 01:11","palu3124v",13,"MilanV"
"14404",15,9413,"19-04-2017 01:19","KolkataProbasi",13,"MilanV"
"14403",15,9407,"19-04-2017 01:51","virgokaran",13,"MilanV"
"14402",15,9403,"19-04-2017 02:00","sffed",4,"sffed"
"14401",15,9402,"19-04-2017 02:12","DharamBaskar",1,"Satyapriyan"
"14400",15,9401,"19-04-2017 02:13","mituamin",0,"mituamin"
"14399",15,9395,"19-04-2017 02:34","sidrgupta",13,"MilanV"
"14398",15,9392,"19-04-2017 02:42","dhruvbhim",13,"MilanV"
"14397",15,9388,"19-04-2017 02:50","senthilstpi",43,"SecretaryMEITY"
"14396",15,9387,"19-04-2017 02:57","ScrewedbyState",3,"ScrewedbyState"
"14395",15,9386,"19-04-2017 03:06","iwill4freedom",3,"ScrewedbyState"
"14394",15,9384,"19-04-2017 03:12","kyasarmbheem",0,"kyasarmbheem"
"14393",15,9381,"19-04-2017 03:19","anandMS29",3,"ScrewedbyState"
"14392",15,9367,"19-04-2017 03:54","malstronikus",4,"sffed"
"14391",15,9366,"19-04-2017 03:55","IM_Coaching",4,"sffed"
"14390",15,9363,"19-04-2017 04:04","lokeshn85",43,"SecretaryMEITY"
"14389",15,9357,"19-04-2017 04:38","xglGu5Obsw9J6Xe",5,"616476fbde873af"
"14388",15,9355,"19-04-2017 04:52","STPILucknow",43,"SecretaryMEITY"
"14386",15,9351,"19-04-2017 05:01","dhananjai_hari",5,"TCS"
"14387",15,9352,"19-04-2017 05:01","TCS",5,"TCS"
"14385",15,9346,"19-04-2017 05:05","ChanakyaBhakta",6,"Janamejayan"
"14384",15,9343,"19-04-2017 05:12","sameerkinger",5,"TCS"
"14382",15,9340,"19-04-2017 05:22","voolsy",0,"voolsy"
"14383",15,9341,"19-04-2017 05:22","Shreek_02",13,"MilanV"
"14381",15,9336,"19-04-2017 05:35","ITMassLiteracy",43,"SecretaryMEITY"
"14380",15,9335,"19-04-2017 05:39","josak",13,"MilanV"
"14379",15,9332,"19-04-2017 05:55","simpletonrk",0,"simpletonrk"
"14378",15,9325,"19-04-2017 06:40","anandraman",0,"anandraman"
"14377",15,9319,"19-04-2017 06:56","PaulPushparaj1",5,"TCS"
"14376",15,9316,"19-04-2017 07:00","JamesHannahUK",13,"MilanV"
"14375",15,9287,"19-04-2017 09:14","Ravikumar_NS",43,"SecretaryMEITY"
"14374",15,9278,"19-04-2017 09:29","Vikram_Dwivedi",6,"Janamejayan"
"14372",15,9269,"19-04-2017 10:01","navkendar_IDC",1,"analyseasia"
"14373",15,9270,"19-04-2017 10:01","analyseasia",1,"analyseasia"
"14371",15,9268,"19-04-2017 10:07","marutiece",43,"SecretaryMEITY"
"14370",15,9267,"19-04-2017 10:09","HexaTata",5,"TCS"
"14369",15,9264,"19-04-2017 10:32","kamalasaurus",0,"kamalasaurus"
"14368",15,9263,"19-04-2017 10:35","STPIManjunathan",43,"SecretaryMEITY"
"14367",15,9259,"19-04-2017 10:47","jayateerth123",133,"rsprasad"
"14366",15,9210,"19-04-2017 11:51","soodabhinav08",0,"soodabhinav08"
"14365",15,9209,"19-04-2017 11:52","sane_voices",7,"CNNnews18"
"14364",15,9207,"19-04-2017 11:57","nishajg",0,"nishajg"
"14363",15,9181,"19-04-2017 12:16","kp_85",0,"kp_85"
"14362",15,9178,"19-04-2017 12:18","keerthimadhavi",43,"SecretaryMEITY"
"14361",15,9146,"19-04-2017 13:13","ChampDev_",1,"ChampDev_"
"14360",15,9145,"19-04-2017 13:16","MrMurali_M",1,"MrMurali_M"
"14359",15,9143,"19-04-2017 13:24","ChampDev_",1,"ChampDev_"
"14358",15,9133,"19-04-2017 13:51","ClsMurali",1,"MrMurali_M"
"14357",15,9128,"19-04-2017 14:10","JMartNotKMart",5,"JustinSandefur"
"14356",15,9104,"19-04-2017 14:58","swarochak",0,"swarochak"
"14355",15,9101,"19-04-2017 15:04","swarochak",0,"swarochak"
"14354",15,9100,"19-04-2017 15:06","TJIvinjack",0,"TJIvinjack"
"14352",15,9061,"19-04-2017 15:28","becca_savory",1,"becca_savory"
"14353",15,9062,"19-04-2017 15:28","AvijitSinha5",0,"AvijitSinha5"
"14351",15,9003,"19-04-2017 17:29","medaltalb",0,"medaltalb"
"14350",15,8978,"19-04-2017 18:26","ParshantHadala",148,"faizaskari"
"14349",15,8966,"19-04-2017 19:27","sionchibi",0,"sionchibi"
"14348",15,8952,"19-04-2017 20:41","sffeded",4,"sffed"
"14347",15,8937,"19-04-2017 21:45","heinemana",0,"heinemana"
"14346",15,8932,"19-04-2017 22:57","thekenshen",0,"thekenshen"
"14345",15,8919,"20-04-2017 01:35","teasri",11,"teasri"
"14344",15,8918,"20-04-2017 01:40","prasannavishy",11,"teasri"
"14342",15,8916,"20-04-2017 01:42","ramana_brf",11,"teasri"
"14343",15,8917,"20-04-2017 01:42","Chetanshrimal",11,"teasri"
"14341",15,8915,"20-04-2017 01:43","arianrams",11,"teasri"
"14340",15,8914,"20-04-2017 01:52","niravstoons",11,"teasri"
"14339",15,8913,"20-04-2017 01:59","diggilaxmiputra",11,"teasri"
"14338",15,8911,"20-04-2017 02:09","zeusraj",11,"teasri"
"14337",15,8909,"20-04-2017 02:13","mituamin",0,"mituamin"
"14336",15,8904,"20-04-2017 02:21","arvindsubraman",11,"arvindsubraman"
"14335",15,8901,"20-04-2017 02:26","PNL_LG",0,"PNL_LG"
"14334",15,8900,"20-04-2017 02:31","virgokaran",11,"arvindsubraman"
"14333",15,8897,"20-04-2017 02:37","dhruvbhim",11,"arvindsubraman"
"14332",15,8896,"20-04-2017 02:42","sandy_094",11,"arvindsubraman"
"14331",15,8893,"20-04-2017 02:57","bhasaby",11,"teasri"
"14330",15,8890,"20-04-2017 03:03","LeftyCricketer9",0,"LeftyCricketer9"
"14329",15,8877,"20-04-2017 03:54","DhirendraSSingh",0,"DhirendraSSingh"
"14328",15,8872,"20-04-2017 04:24","smohan59",11,"arvindsubraman"
"14327",15,8871,"20-04-2017 04:25","DuncanGalbrait1",0,"DuncanGalbrait1"
"14326",15,8864,"20-04-2017 05:19","TheJeonsa",1,"TheJeonsa"
"14325",15,8856,"20-04-2017 05:59","Aurini",0,"Aurini"
"14324",15,8852,"20-04-2017 06:14","mituamin",1,"mituamin"
"14323",15,8849,"20-04-2017 06:33","StuartKenyon81",1,"mituamin"
"14322",15,8844,"20-04-2017 06:56","vicky20680",11,"teasri"
"14321",15,8842,"20-04-2017 07:16","MHariMenon",11,"arvindsubraman"
"14320",15,8832,"20-04-2017 07:51","vetrissimo",12,"Vidyut"
"14319",15,8827,"20-04-2017 08:21","ceo_of_my_life",1,"VFSPL"
"14318",15,8825,"20-04-2017 08:25","dp2web",0,"dp2web"
"14317",15,8823,"20-04-2017 08:32","wlvrn_tjs",11,"teasri"
"14316",15,8822,"20-04-2017 08:49","Subhayan_ism",0,"Subhayan_ism"
"14315",15,8820,"20-04-2017 08:54","Smaulgld",0,"Smaulgld"
"14314",15,8816,"20-04-2017 09:09","DevPathways",1,"DevPathways"
"14313",15,8814,"20-04-2017 09:12","HeinerSalomon",1,"DevPathways"
"14312",15,8811,"20-04-2017 09:24","sudarsan_21",11,"arvindsubraman"
"14311",15,8806,"20-04-2017 09:46","AJMurraymints",12,"Vidyut"
"14310",15,8804,"20-04-2017 09:57","drbejoy07",11,"arvindsubraman"
"14309",15,8800,"20-04-2017 10:10","dravirmani",1,"dravirmani"
"14308",15,8797,"20-04-2017 10:19","Atulk66",1,"dravirmani"
"14307",15,8789,"20-04-2017 10:46","imdeep_17",0,"imdeep_17"
"14306",15,8787,"20-04-2017 10:47","imdeep_17",0,"imdeep_17"
"14304",15,8779,"20-04-2017 11:01","parthakhare",0,"parthakhare"
"14305",15,8780,"20-04-2017 11:01","analyseasia",1,"analyseasia"
"14303",15,8773,"20-04-2017 11:15","JaishilRP",0,"JaishilRP"
"14302",15,8772,"20-04-2017 11:18","BASASofficial",1,"becca_savory"
"14301",15,8771,"20-04-2017 11:20","navkendar_IDC",1,"analyseasia"
"14300",15,8770,"20-04-2017 11:23","dharamsahab",1,"TheJeonsa"
"14299",15,8767,"20-04-2017 11:29","Tech_Singapore",1,"cubishopcom"
"14298",15,8757,"20-04-2017 12:01","analyseasia",1,"analyseasia"
"14297",15,8755,"20-04-2017 12:10","aneeshputtady",43,"SecretaryMEITY"
"14296",15,8735,"20-04-2017 13:17","pjain",2,"pjain"
"14295",15,8727,"20-04-2017 14:00","inNatGeo",6,"inNatGeo"
"14294",15,8726,"20-04-2017 14:02","SharmaJiAnupam",6,"inNatGeo"
"14293",15,8714,"20-04-2017 14:53","arfatahmad",6,"inNatGeo"
"14292",15,8706,"20-04-2017 15:08","ravidevrath1",6,"inNatGeo"
"14286",15,8586,"20-04-2017 17:05","SumitBajoria",104,"5Forty3"
"14287",15,8587,"20-04-2017 17:05","saumitra_j",104,"5Forty3"
"14288",15,8588,"20-04-2017 17:05","urfriendroshan",104,"5Forty3"
"14289",15,8589,"20-04-2017 17:05","AkhaiP",104,"5Forty3"
"14290",15,8590,"20-04-2017 17:05","NischelBaxi",104,"5Forty3"
"14291",15,8593,"20-04-2017 17:05","5Forty3",104,"5Forty3"
"14284",15,8584,"20-04-2017 17:06","LalithKris",104,"5Forty3"
"14285",15,8585,"20-04-2017 17:06","arvind_barmer",104,"5Forty3"
"14281",15,8580,"20-04-2017 17:07","Manesha76",104,"5Forty3"
"14282",15,8581,"20-04-2017 17:07","AmritrajP",104,"5Forty3"
"14283",15,8583,"20-04-2017 17:07","bigmouthspeaks",104,"5Forty3"
"14277",15,8575,"20-04-2017 17:08","nationalist1907",104,"5Forty3"
"14278",15,8576,"20-04-2017 17:08","BlackPantherUI",104,"5Forty3"
"14279",15,8577,"20-04-2017 17:08","votenowIndia",104,"5Forty3"
"14280",15,8579,"20-04-2017 17:08","ipratikshukla",104,"5Forty3"
"14275",15,8572,"20-04-2017 17:09","dhruvbhim",104,"5Forty3"
"14276",15,8573,"20-04-2017 17:09","ashishvr1",104,"5Forty3"
"14272",15,8567,"20-04-2017 17:10","VidyutMShah",0,"VidyutMShah"
"14273",15,8568,"20-04-2017 17:10","An___D",104,"5Forty3"
"14274",15,8569,"20-04-2017 17:10","HariyaneKaChora",104,"5Forty3"
"14271",15,8565,"20-04-2017 17:12","Deus_Ex_DeMo",104,"5Forty3"
"14269",15,8562,"20-04-2017 17:13","Smarty_in",104,"5Forty3"
"14270",15,8563,"20-04-2017 17:13","shekar21",104,"5Forty3"
"14268",15,8560,"20-04-2017 17:14","MihirMurthy",104,"5Forty3"
"14267",15,8559,"20-04-2017 17:16","nareshdixit82",104,"5Forty3"
"14265",15,8554,"20-04-2017 17:17","vardanatulshah",104,"5Forty3"
"14266",15,8557,"20-04-2017 17:17","WhosTruthAnyway",104,"5Forty3"
"14263",15,8551,"20-04-2017 17:18","A31X64Vijay",104,"5Forty3"
"14264",15,8552,"20-04-2017 17:18","AtulMohan2",104,"5Forty3"
"14261",15,8548,"20-04-2017 17:20","TulasidasRPai",104,"5Forty3"
"14262",15,8549,"20-04-2017 17:20","indianmonk1",104,"5Forty3"
"14260",15,8545,"20-04-2017 17:21","MyLoveNamo",104,"5Forty3"
"14259",15,8543,"20-04-2017 17:22","vinodshadija",104,"5Forty3"
"14258",15,8541,"20-04-2017 17:23","Bharatpatel555",104,"5Forty3"
"14257",15,8532,"20-04-2017 17:28","silentkill_004",104,"5Forty3"
"14255",15,8530,"20-04-2017 17:29","DebDip00",104,"5Forty3"
"14256",15,8531,"20-04-2017 17:29","meetrosh1",104,"5Forty3"
"14251",15,8522,"20-04-2017 17:30","Indianempire",104,"5Forty3"
"14252",15,8524,"20-04-2017 17:30","ImMiHiR_45",104,"5Forty3"
"14253",15,8525,"20-04-2017 17:30","BijuNair20",104,"5Forty3"
"14254",15,8527,"20-04-2017 17:30","PasaMortgage",5,"TCS"
"14250",15,8521,"20-04-2017 17:31","NdSolanki",104,"5Forty3"
"14249",15,8518,"20-04-2017 17:32","RRkchand",104,"5Forty3"
"14248",15,8514,"20-04-2017 17:33","santoshiitbhu",104,"5Forty3"
"14247",15,8512,"20-04-2017 17:34","gauravsuman2",104,"5Forty3"
"14246",15,8509,"20-04-2017 17:35","sanju859",104,"5Forty3"
"14245",15,8507,"20-04-2017 17:38","shamil_shah",104,"5Forty3"
"14244",15,8505,"20-04-2017 17:40","vaibhavg10",104,"5Forty3"
"14243",15,8501,"20-04-2017 17:45","AjEeTj_20",104,"5Forty3"
"14241",15,8498,"20-04-2017 17:46","RatnaniHitesh",104,"5Forty3"
"14242",15,8499,"20-04-2017 17:46","amrishguru",104,"5Forty3"
"14240",15,8494,"20-04-2017 17:48","azuitshi",104,"5Forty3"
"14239",15,8489,"20-04-2017 17:57","raviteja4uuu",104,"5Forty3"
"14238",15,8488,"20-04-2017 17:59","ChweeneyTodd",104,"5Forty3"
"14237",15,8485,"20-04-2017 18:04","iAjKP",104,"5Forty3"
"14236",15,8484,"20-04-2017 18:05","42pi",104,"5Forty3"
"14234",15,8475,"20-04-2017 18:20","avi_saxena",104,"5Forty3"
"14235",15,8476,"20-04-2017 18:20","thakurprashanth",104,"5Forty3"
"14232",15,8471,"20-04-2017 18:24","chilkoti2",104,"5Forty3"
"14233",15,8472,"20-04-2017 18:24","balamenon",104,"5Forty3"
"14231",15,8467,"20-04-2017 18:31","indomitablesoul",104,"5Forty3"
"14230",15,8466,"20-04-2017 18:34","soodmonk",104,"5Forty3"
"14229",15,8458,"20-04-2017 18:48","nitin_dembla",104,"5Forty3"
"14228",15,8454,"20-04-2017 19:01","yaajushi",104,"5Forty3"
"14227",15,8437,"20-04-2017 19:50","MandarSawant184",104,"5Forty3"
"14226",15,8434,"20-04-2017 20:06","ntsocool1",104,"5Forty3"
"14225",15,8432,"20-04-2017 20:16","0807ankit",104,"5Forty3"
"14224",15,8429,"20-04-2017 20:25","kapilnaren",104,"5Forty3"
"14223",15,8426,"20-04-2017 21:14","DeshNeeti",104,"5Forty3"
"14221",15,8422,"20-04-2017 21:42","surendaradla",104,"5Forty3"
"14222",15,8423,"20-04-2017 21:42","ParthPa07241800",113,"HarsimratBadal_"
"14220",15,8418,"20-04-2017 22:02","vipulIT",104,"5Forty3"
"14219",15,8404,"20-04-2017 23:45","sctwea",0,"sctwea"
"14218",15,8398,"21-04-2017 00:36","TolerantDesii",104,"5Forty3"
"14217",15,8392,"21-04-2017 01:07","SundeepKPal",104,"5Forty3"
"14216",15,8388,"21-04-2017 01:23","SupremeHarish",104,"5Forty3"
"14215",15,8387,"21-04-2017 01:25","vinay0110",133,"rsprasad"
"14214",15,8379,"21-04-2017 01:50","monk_razr",104,"5Forty3"
"14213",15,8378,"21-04-2017 01:55","NaMoRulzz",104,"5Forty3"
"14212",15,8375,"21-04-2017 01:56","raneeshramakris",104,"5Forty3"
"14211",15,8374,"21-04-2017 02:00","ShaleenJain5",104,"5Forty3"
"14209",15,8371,"21-04-2017 02:06","swapniljagdale8",104,"5Forty3"
"14210",15,8372,"21-04-2017 02:06","pravbk100",104,"5Forty3"
"14208",15,8369,"21-04-2017 02:13","mituamin",0,"mituamin"
"14207",15,8365,"21-04-2017 02:16","nanjeesha",104,"5Forty3"
"14206",15,8364,"21-04-2017 02:19","GanapathyI",104,"5Forty3"
"14205",15,8362,"21-04-2017 02:23","GJ12ANKIT",104,"5Forty3"
"14204",15,8358,"21-04-2017 02:31","rajneeshisback",11,"teasri"
"14203",15,8356,"21-04-2017 02:39","AnondoMotth",104,"5Forty3"
"14202",15,8353,"21-04-2017 02:43","India_somnath",104,"5Forty3"
"14201",15,8348,"21-04-2017 02:51","MaverickLG",104,"5Forty3"
"14200",15,8344,"21-04-2017 03:03","AnshuRathore99",104,"5Forty3"
"14199",15,8342,"21-04-2017 03:08","ls2008",104,"5Forty3"
"14198",15,8340,"21-04-2017 03:10","Thiru_0914",104,"5Forty3"
"14197",15,8337,"21-04-2017 03:20","Arunabh_ch",104,"5Forty3"
"14196",15,8332,"21-04-2017 03:25","basayya_r",43,"SecretaryMEITY"
"14195",15,8331,"21-04-2017 03:26","retweetkrengeab",104,"5Forty3"
"14194",15,8329,"21-04-2017 03:28","4BHI9",104,"5Forty3"
"14193",15,8326,"21-04-2017 03:32","vanderlust",104,"5Forty3"
"14192",15,8319,"21-04-2017 03:56","navkendar_IDC",1,"analyseasia"
"14191",15,8315,"21-04-2017 04:05","sanjay3356",104,"5Forty3"
"14190",15,8301,"21-04-2017 04:38","Junaidh_Sufi",6,"inNatGeo"
"14189",15,8298,"21-04-2017 04:47","tandon_abhinav",104,"5Forty3"
"14188",15,8297,"21-04-2017 04:48","sanjay_rai",104,"5Forty3"
"14187",15,8294,"21-04-2017 05:00","SACHIN1969",0,"SACHIN1969"
"14186",15,8293,"21-04-2017 05:02","pksrivastava6",0,"pksrivastava6"
"14185",15,8292,"21-04-2017 05:03","rajamaka",0,"rajamaka"
"14184",15,8291,"21-04-2017 05:08","NamoMalenaadu",0,"NamoMalenaadu"
"14183",15,8290,"21-04-2017 05:15","Point_Blanc79",104,"5Forty3"
"14182",15,8285,"21-04-2017 05:23","vaidyabr",0,"vaidyabr"
"14181",15,8281,"21-04-2017 05:34","mrtrivedi79",0,"mrtrivedi79"
"14180",15,8280,"21-04-2017 05:40","TOIOpinion",0,"TOIOpinion"
"14179",15,8279,"21-04-2017 05:42","muralydoctrack1",0,"muralydoctrack1"
"14178",15,8277,"21-04-2017 05:43","muralydoctrack1",0,"muralydoctrack1"
"14177",15,8271,"21-04-2017 06:08","MuthuRamamoorth",0,"MuthuRamamoorth"
"14176",15,8270,"21-04-2017 06:10","Prasanna_Speaks",0,"Prasanna_Speaks"
"14175",15,8268,"21-04-2017 06:14","mituamin",0,"mituamin"
"14174",15,8263,"21-04-2017 06:31","56perumal",1,"56perumal"
"14173",15,8262,"21-04-2017 06:38","Akg316Arvind",1,"56perumal"
"14172",15,8261,"21-04-2017 06:42","Vibhorkedia1",11,"arvindsubraman"
"14171",15,8250,"21-04-2017 06:53","ramesh_gogi",0,"ramesh_gogi"
"14170",15,8230,"21-04-2017 07:14","swrpa733124",1,"swrpa733124"
"14169",15,8228,"21-04-2017 07:24","swrpa733124",1,"swrpa733124"
"14168",15,8219,"21-04-2017 07:40","malapatiraja",104,"5Forty3"
"14167",15,8199,"21-04-2017 08:55","amitDaher",6,"inNatGeo"
"14166",15,8192,"21-04-2017 09:17","_homeonline",0,"_homeonline"
"14165",15,8137,"21-04-2017 12:14","ramsarswat16",14,"amishra77"
"14164",15,8135,"21-04-2017 12:15","newsattitude",0,"newsattitude"
"14163",15,8125,"21-04-2017 12:38","abhi_sinha00",11,"arvindsubraman"
"14162",15,8107,"21-04-2017 12:52","Dev_cmehta",104,"5Forty3"
"14161",15,8091,"21-04-2017 13:13","MyKyllr",6,"GreatGameIndia"
"14160",15,8080,"21-04-2017 13:50","Finclusion_FII",0,"Finclusion_FII"
"14159",15,8054,"21-04-2017 14:56","balabr",104,"5Forty3"
"14158",15,8051,"21-04-2017 14:58","Smaulgld",0,"Smaulgld"
"14157",15,8037,"21-04-2017 15:42","newsattitude",0,"newsattitude"
"14156",15,8025,"21-04-2017 16:03","newsattitude",0,"newsattitude"
"14155",15,8024,"21-04-2017 16:10","ShahnazAkbarova",2,"DeFotis"
"14154",15,8023,"21-04-2017 16:11","pocketnewsalert",0,"pocketnewsalert"
"14153",15,8004,"21-04-2017 17:10","ReadFin",0,"ReadFin"
"14152",15,7999,"22-11-2016 10:57","HP_Journo",1,"HP_Journo"
"14151",15,7887,"22-11-2016 11:15","Tabassumzia",1,"HP_Journo"
"14148",15,7861,"22-11-2016 11:19","nivedithg",7,"nivedithg"
"14149",15,7862,"22-11-2016 11:19","wilSonofaGun",0,"wilSonofaGun"
"14150",15,7864,"22-11-2016 11:19","onam",0,"onam"
"14147",15,7842,"22-11-2016 11:23","Arun2981",23,"aruproytweets"
"14146",15,7806,"22-11-2016 11:32","SquashmanGel",7,"nivedithg"
"14144",15,7799,"22-11-2016 11:34","mikayla__isugly",7,"nivedithg"
"14145",15,7801,"22-11-2016 11:34","willdeslgnsig",7,"nivedithg"
"14143",15,7795,"22-11-2016 11:35","Baxtabber47",7,"nivedithg"
"14142",15,7777,"22-11-2016 11:38","NeliyLuverr",7,"nivedithg"
"14141",15,7742,"22-11-2016 11:47","Cumtomoliywolrd",7,"nivedithg"
"14140",15,7717,"22-11-2016 11:51","BajajAllianzLIC",33,"BajajAllianzLIC"
"14138",15,7703,"22-11-2016 11:52","BwDisrupt",3,"BwDisrupt"
"14139",15,7707,"22-11-2016 11:52","rdx_75",33,"BajajAllianzLIC"
"14137",15,7694,"22-11-2016 11:54","allleElowery",7,"nivedithg"
"14136",15,7683,"22-11-2016 11:56","allstartupsin",3,"allstartupsin"
"14134",15,7662,"22-11-2016 11:59","Feederiico_6",33,"BajajAllianzLIC"
"14135",15,7663,"22-11-2016 11:59","ah_shlz",33,"BajajAllianzLIC"
"14121",15,7642,"22-11-2016 12:00","avonsfalries",33,"BajajAllianzLIC"
"14122",15,7643,"22-11-2016 12:00","luzbelenlaria",33,"BajajAllianzLIC"
"14123",15,7644,"22-11-2016 12:00","brun3tte_the",33,"BajajAllianzLIC"
"14124",15,7645,"22-11-2016 12:00","IamRud8",33,"BajajAllianzLIC"
"14125",15,7647,"22-11-2016 12:00","rsardana",3,"BwDisrupt"
"14126",15,7648,"22-11-2016 12:00","4ngeezy__",33,"BajajAllianzLIC"
"14127",15,7649,"22-11-2016 12:00","4h_Treyu",33,"BajajAllianzLIC"
"14128",15,7651,"22-11-2016 12:00","polo_princess97",33,"BajajAllianzLIC"
"14129",15,7653,"22-11-2016 12:00","Samlalaql",33,"BajajAllianzLIC"
"14130",15,7654,"22-11-2016 12:00","AngelCifuente24",33,"BajajAllianzLIC"
"14131",15,7657,"22-11-2016 12:00","aboommar97",33,"BajajAllianzLIC"
"14132",15,7659,"22-11-2016 12:00","g0thponcho",33,"BajajAllianzLIC"
"14133",15,7661,"22-11-2016 12:00","CiubDeEEG",33,"BajajAllianzLIC"
"14111",15,7627,"22-11-2016 12:01","KhasanB36",33,"BajajAllianzLIC"
"14112",15,7628,"22-11-2016 12:01","AnaiyseFootbal",33,"BajajAllianzLIC"
"14113",15,7629,"22-11-2016 12:01","rauhivamps",33,"BajajAllianzLIC"
"14114",15,7630,"22-11-2016 12:01","MalsieRoach",33,"BajajAllianzLIC"
"14115",15,7631,"22-11-2016 12:01","AusTradeTastlng",33,"BajajAllianzLIC"
"14116",15,7634,"22-11-2016 12:01","savyvonne699",33,"BajajAllianzLIC"
"14117",15,7635,"22-11-2016 12:01","mlnapeartree",33,"BajajAllianzLIC"
"14118",15,7636,"22-11-2016 12:01","mlnimoderns",33,"BajajAllianzLIC"
"14119",15,7637,"22-11-2016 12:01","smoothste2",33,"BajajAllianzLIC"
"14120",15,7639,"22-11-2016 12:01","glrl_faded",33,"BajajAllianzLIC"
"14105",15,7618,"22-11-2016 12:02","abobassam9465",33,"BajajAllianzLIC"
"14106",15,7619,"22-11-2016 12:02","j0nmonastero",33,"BajajAllianzLIC"
"14107",15,7620,"22-11-2016 12:02","HughesWarwlck",33,"BajajAllianzLIC"
"14108",15,7621,"22-11-2016 12:02","MaldltoHobbit",33,"BajajAllianzLIC"
"14109",15,7622,"22-11-2016 12:02","AarlCanob",33,"BajajAllianzLIC"
"14110",15,7623,"22-11-2016 12:02","Farens_Worid",33,"BajajAllianzLIC"
"14104",15,7602,"22-11-2016 12:05","iNavegar",0,"iNavegar"
"14103",15,7566,"22-11-2016 12:09","BindaasWash",3,"allstartupsin"
"14102",15,7537,"22-11-2016 12:16","pritambakshi501",33,"BajajAllianzLIC"
"14101",15,7520,"22-11-2016 12:18","PadawanRadjou",0,"PadawanRadjou"
"14100",15,7493,"22-11-2016 12:22","urbantreehomes",1,"urbantreehomes"
"14099",15,7479,"22-11-2016 12:24","knnindia",0,"knnindia"
"14098",15,7459,"22-11-2016 12:26","YudhajitDutta",0,"YudhajitDutta"
"14097",15,7448,"22-11-2016 12:28","hustler243",8,"vanichandra2010"
"14096",15,7445,"22-11-2016 12:30","LODHA",1,"LODHA"
"14095",15,7405,"22-11-2016 12:34","oza_nisarg",0,"oza_nisarg"
"14094",15,7373,"22-11-2016 12:40","nitinSPEAKs",1,"nitinSPEAKs"
"14093",15,7352,"22-11-2016 12:44","Bhartiya_Invest",1,"Bhartiya_Invest"
"14092",15,7339,"22-11-2016 12:45","RealEstateB0t",1,"nitinSPEAKs"
"14091",15,7338,"22-11-2016 12:46","sangwan_sujata",3,"BwDisrupt"
"14090",15,7321,"22-11-2016 12:50","Amit0609JK",0,"Amit0609JK"
"14089",15,7314,"22-11-2016 12:51","Click4Flats",0,"Click4Flats"
"14088",15,7263,"22-11-2016 13:01","EconomistDK",3,"bcasglobal"
"14087",15,7242,"22-11-2016 13:04","K2Ketkitara",11,"atulkasbekar"
"14086",15,7201,"22-11-2016 13:14","3tweetsis1poem",1,"Bhartiya_Invest"
"14085",15,7153,"22-11-2016 13:20","Amol_M1980",33,"BajajAllianzLIC"
"14083",15,7101,"22-11-2016 13:27","tweetingtonia",5,"vifindia"
"14084",15,7106,"22-11-2016 13:27","vifindia",5,"vifindia"
"14082",15,7040,"22-11-2016 13:37","BwDisrupt",3,"allstartupsin"
"14081",15,7032,"22-11-2016 13:39","allstartupsin",0,"llstartupsin"
"14080",15,6982,"22-11-2016 13:46","harjivsingh",2,"OneGlobeForum"
"14079",15,6962,"22-11-2016 13:49","urmoneymatter",0,"urmoneymatter"
"14078",15,6863,"22-11-2016 14:05","AKG1593",0,"AKG1593"
"14077",15,6815,"22-11-2016 14:13","blitzcloud87",5,"vifindia"
"14076",15,6814,"22-11-2016 14:14","harriszargar",0,"harriszargar"
"14075",15,6802,"22-11-2016 14:15","nasrulhoda73",75,"gops333"
"14074",15,6795,"22-11-2016 14:16","romandsouza",75,"gops333"
"14073",15,6792,"22-11-2016 14:17","MaryaSaur",2,"OneGlobeForum"
"14072",15,6757,"22-11-2016 14:25","urmoneymatter",0,"urmoneymatter"
"14071",15,6737,"22-11-2016 14:28","RevathiRajeevan",8,"RevathiRajeevan"
"14069",15,6718,"22-11-2016 14:32","RizwanRizzzii",221,"aartic02"
"14070",15,6719,"22-11-2016 14:32","imPR45",6,"GodrejGroup"
"14068",15,6670,"22-11-2016 14:42","amitrazpoot",0,"amitrazpoot"
"14067",15,6665,"22-11-2016 14:43","archtomy",8,"RevathiRajeevan"
"14066",15,6576,"22-11-2016 14:55","ivivek_nambiar",8,"RevathiRajeevan"
"14065",15,6532,"22-11-2016 15:01","godavar",10,"godavar"
"14063",15,6517,"22-11-2016 15:03","manita_kapoor",8,"RevathiRajeevan"
"14064",15,6518,"22-11-2016 15:03","Brannia_India",0,"Brannia_India"
"14060",15,6506,"22-11-2016 15:04","dhruvhere",8,"RevathiRajeevan"
"14061",15,6508,"22-11-2016 15:04","vinodm_85",8,"RevathiRajeevan"
"14062",15,6512,"22-11-2016 15:04","AnkitHardiya21",0,"AnkitHardiya21"
"14059",15,6421,"22-11-2016 15:22","SAsiaLSE",0,"SAsiaLSE"
"14058",15,6372,"22-11-2016 15:30","AFacts4You",0,"AFacts4You"
"14057",15,6323,"22-11-2016 15:41","IndianDropout",1,"TheApplop"
"14056",15,6230,"22-11-2016 15:59","MSuthar000",221,"aartic02"
"14055",15,6214,"22-11-2016 16:03","mknid",8,"RevathiRajeevan"
"14054",15,6206,"22-11-2016 16:04","ctrlaltdel007",1,"urbantreehomes"
"14053",15,6197,"22-11-2016 16:07","IRaaajAs",221,"aartic02"
"14051",15,6166,"22-11-2016 16:12","sujitkumar5555",125,"ajaymaken"
"14052",15,6167,"22-11-2016 16:12","sujitkumar5555",142,"ajaymaken"
"14049",15,6127,"22-11-2016 16:18","Sentimentcharts",6,"vikramreuters"
"14050",15,6129,"22-11-2016 16:18","vikramreuters",6,"vikramreuters"
"14048",15,6123,"22-11-2016 16:19","insidefinance",6,"vikramreuters"
"14046",15,6114,"22-11-2016 16:21","RushikeshKul",41,"Raheelk"
"14047",15,6116,"22-11-2016 16:21","LionelRALaurent",6,"vikramreuters"
"14045",15,6096,"22-11-2016 16:26","godavar",2,"godavar"
"14044",15,6092,"22-11-2016 16:27","Vidyut",2,"godavar"
"14043",15,6087,"22-11-2016 16:28","pablodelgc",6,"vikramreuters"
"14042",15,6082,"22-11-2016 16:29","Vidyut",10,"godavar"
"14040",15,6069,"22-11-2016 16:32","sangwan_sujata",3,"allstartupsin"
"14041",15,6071,"22-11-2016 16:32","JMollander",6,"vikramreuters"
"14039",15,6062,"22-11-2016 16:35","g_101010",2,"godavar"
"14038",15,6030,"22-11-2016 16:43","BoscoUnchained",10,"godavar"
"14037",15,5910,"22-11-2016 17:10","Amit___Yadav",0,"Amit___Yadav"
"14036",15,5902,"22-11-2016 17:12","myblackboard",8,"RevathiRajeevan"
"14035",15,5802,"22-11-2016 17:33","kaiserazim",8,"RevathiRajeevan"
"14034",15,5781,"22-11-2016 17:40","BombayKaBabu",10,"godavar"
"14032",15,5766,"22-11-2016 17:45","ChhotaHulk",10,"godavar"
"14033",15,5769,"22-11-2016 17:45","strategy_indica",5,"vifindia"
"14031",15,5764,"22-11-2016 17:47","gosamm",10,"godavar"
"14030",15,5760,"22-11-2016 17:48","sshekhar0380",6,"GodrejGroup"
"14029",15,5759,"22-11-2016 17:49","monty_chadha",8,"vanichandra2010"
"14028",15,5717,"22-11-2016 17:56","VINIT_SHAH1",1,"LODHA"
"14027",15,5693,"22-11-2016 17:59","abhinavkalyan",0,"abhinavkalyan"
"14026",15,5662,"22-11-2016 18:06","PoonamB40929685",75,"gops333"
"14025",15,5596,"22-11-2016 18:21","chrisredfern83",0,"chrisredfern83"
"14024",15,5489,"22-11-2016 19:02","pri1us",10,"godavar"
"14023",15,5457,"22-11-2016 19:17","MAlimPatel1",221,"aartic02"
"14022",15,5275,"22-11-2016 22:04","AamAdmy",3,"AamAdmy"
"14021",15,5219,"22-11-2016 23:55","SocialCubik",0,"SocialCubik"
"14020",15,5203,"23-11-2016 00:21","ChandniChowkLS",125,"ajaymaken"
"14018",15,5175,"23-11-2016 00:46","jyqocylurisa",0,"jyqocylurisa"
"14019",15,5176,"23-11-2016 00:46","xolydexejited",0,"xolydexejited"
"14016",15,5165,"23-11-2016 00:47","kigakowuwiqas",0,"kigakowuwiqas"
"14017",15,5166,"23-11-2016 00:47","pohebyponalu",0,"pohebyponalu"
"14014",15,5156,"23-11-2016 00:48","wimynopib",0,"wimynopib"
"14015",15,5161,"23-11-2016 00:48","gylikyzahef",0,"gylikyzahef"
"14013",15,5129,"23-11-2016 01:08","bhuwanmpandey",0,"bhuwanmpandey"
"14012",15,5035,"23-11-2016 02:14","bharti17979",0,"bharti17979"
"14011",15,5031,"23-11-2016 02:16","benabbate",0,"benabbate"
"14010",15,4992,"23-11-2016 02:37","Jajabor_Manas",0,"Jajabor_Manas"
"14009",15,4975,"23-11-2016 02:47","AnandChirps",1,"RiverValleyAMsg"
"14006",15,4893,"23-11-2016 03:16","rygupusij",0,"rygupusij"
"14007",15,4896,"23-11-2016 03:16","filikybovybap",0,"filikybovybap"
"14008",15,4901,"23-11-2016 03:16","lecozepipin",0,"lecozepipin"
"14005",15,4844,"23-11-2016 03:30","9AMStories",0,"9AMStories"
"14004",15,4827,"23-11-2016 03:34","duraimanikkam",0,"duraimanikkam"
"14003",15,4782,"23-11-2016 03:53","manojgulnar",23,"aruproytweets"
"14002",15,4779,"23-11-2016 03:54","LODHA",0,"LODHA"
"14001",15,4710,"23-11-2016 04:21","vijaysingh_negi",0,"vijaysingh_negi"
"13999",15,4664,"23-11-2016 04:35","synabemazyt",0,"synabemazyt"
"14000",15,4670,"23-11-2016 04:35","lohepujafelow",0,"lohepujafelow"
"13998",15,4572,"23-11-2016 04:58","madhurprabhakar",0,"madhurprabhakar"
"13997",15,4537,"23-11-2016 05:09","U4U_Voice",0,"U4U_Voice"
"13996",15,4506,"23-11-2016 05:14","ArunChitnis",3,"JLLIndia"
"13995",15,4491,"23-11-2016 05:19","VinayVats_Adv",1,"VinayVats_Adv"
"13994",15,4489,"23-11-2016 05:20","GodrejOnCampus",6,"GodrejGroup"
"13992",15,4466,"23-11-2016 05:27","Biz2CreditIn",2,"Biz2CreditIn"
"13993",15,4468,"23-11-2016 05:27","TagWingsIndia",0,"TagWingsIndia"
"13991",15,4408,"23-11-2016 05:43","girish2635",6,"GodrejGroup"
"13990",15,4284,"23-11-2016 06:04","apnnewsindia",0,"apnnewsindia"
"13989",15,4092,"23-11-2016 06:23","lmspl",0,"lmspl"
"13988",15,4028,"23-11-2016 06:27","RaviAgrawalCNN",0,"RaviAgrawalCNN"
"13987",15,3984,"23-11-2016 06:30","KarvyGrowthHub",0,"KarvyGrowthHub"
"13986",15,3936,"23-11-2016 06:34","Daphinedndc",34,"AshwinderRaj"
"13985",15,3889,"23-11-2016 06:40","sumitkashyapjha",10,"sumitkashyapjha"
"13984",15,3879,"23-11-2016 06:42","divya_legal",1,"ParichayLegal"
"13982",15,3873,"23-11-2016 06:43","FekuBuster",10,"sumitkashyapjha"
"13983",15,3875,"23-11-2016 06:43","bisaria77",2,"Biz2CreditIn"
"13981",15,3866,"23-11-2016 06:44","bisarianeeraj77",2,"Biz2CreditIn"
"13980",15,3864,"23-11-2016 06:45","sonalijcampion",0,"sonalijcampion"
"13978",15,3849,"23-11-2016 06:46","DikshitSmita",2,"DikshitSmita"
"13979",15,3851,"23-11-2016 06:46","MSR_Tweets",10,"sumitkashyapjha"
"13977",15,3817,"23-11-2016 06:51","mahajansid",10,"sumitkashyapjha"
"13976",15,3764,"23-11-2016 06:58","rmff786",0,"rmff786"
"13975",15,3756,"23-11-2016 06:59","abid_hussain",10,"sumitkashyapjha"
"13973",15,3744,"23-11-2016 07:00","Kewrious",10,"sumitkashyapjha"
"13974",15,3752,"23-11-2016 07:00","Amit__G",2,"DikshitSmita"
"13972",15,3727,"23-11-2016 07:02","Liberal_Indian",10,"sumitkashyapjha"
"13971",15,3677,"23-11-2016 07:10","FirdausHassanx",2,"DikshitSmita"
"13970",15,3669,"23-11-2016 07:12","PIB_India",21,"PIB_India"
"13968",15,3657,"23-11-2016 07:14","mantralayatimes",0,"mantralayatimes"
"13969",15,3658,"23-11-2016 07:14","ChapmanLizzie",0,"ChapmanLizzie"
"13967",15,3626,"23-11-2016 07:19","nitinsethi80",0,"nitinsethi80"
"13966",15,3558,"23-11-2016 07:30","abhic_1983",1,"abhic_1983"
"13965",15,3553,"23-11-2016 07:31","channelrt",2,"channelrt"
"13964",15,3508,"23-11-2016 07:40","sab_subh_hai",0,"sab_subh_hai"
"13963",15,3401,"23-11-2016 07:51","AquarianTruths",10,"sumitkashyapjha"
"13962",15,3358,"23-11-2016 07:56","Rahulein",10,"sumitkashyapjha"
"13961",15,3304,"23-11-2016 08:01","vinaygoel9",0,"vinaygoel9"
"13960",15,3236,"23-11-2016 08:09","RKRadhakrishn",1,"RKRadhakrishn"
"13959",15,3210,"23-11-2016 08:13","SutariaDipen",0,"SutariaDipen"
"13958",15,3172,"23-11-2016 08:16","A_Observr",0,"A_Observr"
"13957",15,3155,"23-11-2016 08:17","A_Observr",0,"A_Observr"
"13955",15,3068,"23-11-2016 08:31","manoramaonline",0,"manoramaonline"
"13956",15,3069,"23-11-2016 08:31","OnmanoramaLive",0,"OnmanoramaLive"
"13954",15,2993,"23-11-2016 08:44","amberswami",25,"vinay1011"
"13952",15,2930,"23-11-2016 08:55","joyjitguha",12,"bsindia"
"13953",15,2935,"23-11-2016 08:55","bsindia",12,"bsindia"
"13950",15,2925,"23-11-2016 08:56","niyaz_shkh",0,"niyaz_shkh"
"13951",15,2926,"23-11-2016 08:56","prasannaipo",12,"bsindia"
"13949",15,2922,"23-11-2016 08:57","DelhiMuse",12,"bsindia"
"13948",15,2873,"23-11-2016 09:04","tech2eets",3,"tech2eets"
"13947",15,2858,"23-11-2016 09:07","tweetchristo",0,"tweetchristo"
"13946",15,2841,"23-11-2016 09:09","Gav_Kumar",0,"Gav_Kumar"
"13945",15,2831,"23-11-2016 09:10","onamjee",12,"bsindia"
"13944",15,2816,"23-11-2016 09:11","POPUP809",12,"bsindia"
"13943",15,2793,"23-11-2016 09:14","TariqueKhanJave",12,"bsindia"
"13942",15,2740,"23-11-2016 09:21","MNsays",0,"MNsays"
"13941",15,2734,"23-11-2016 09:22","pradeep4AAP",12,"bsindia"
"13940",15,2725,"23-11-2016 09:24","firstpost",3,"tech2eets"
"13939",15,2705,"23-11-2016 09:25","Reenu1966",23,"aruproytweets"
"13938",15,2664,"23-11-2016 09:33","ranjanninu",0,"ranjanninu"
"13937",15,2654,"23-11-2016 09:34","nitinbhatia121",0,"nitinbhatia121"
"13936",15,2586,"23-11-2016 09:45","maheshneel",12,"bsindia"
"13935",15,2395,"23-11-2016 10:05","bmawealth",0,"bmawealth"
"13934",15,2279,"23-11-2016 10:25","TiEBangalore",4,"radha__rk"
"13933",15,2261,"23-11-2016 10:30","SAVoices",0,"SAVoices"
"13932",15,2237,"23-11-2016 10:37","MSA_IND",1,"MSA_IND"
"13931",15,2231,"23-11-2016 10:39","prakpuro",10,"sumitkashyapjha"
"13930",15,2174,"23-11-2016 10:53","gamgrg",221,"aartic02"
"13929",15,2080,"23-11-2016 11:13","MonaNag3",12,"bsindia"
"13928",15,1997,"23-11-2016 11:30","datareign",0,"datareign"
"13927",15,1975,"23-11-2016 11:34","storygheek",0,"storygheek"
"13926",15,1940,"23-11-2016 11:42","JLLIndia",2,"JLLIndia"
"13925",15,1918,"23-11-2016 11:44","raghuchethan",5,"vifindia"
"13924",15,1900,"23-11-2016 11:46","ratedsrk",3,"tech2eets"
"13923",15,1894,"23-11-2016 11:48","ferishferry",0,"ferishferry"
"13922",15,1874,"23-11-2016 11:51","arunkumardivu",2,"JLLIndia"
"13921",15,1829,"23-11-2016 11:59","MobileChamps",0,"MobileChamps"
"13919",15,1805,"23-11-2016 12:06","KaranArora",1,"KaranArora"
"13920",15,1806,"23-11-2016 12:06","Qualitrix360",0,"Qualitrix360"
"13918",15,1797,"23-11-2016 12:08","BWBusinessworld",0,"BWBusinessworld"
"13917",15,1781,"23-11-2016 12:11","BWBusinessworld",2,"BWBusinessworld"
"13916",15,1737,"23-11-2016 12:19","rahul_karunakar",6,"vikramreuters"
"13915",15,1699,"23-11-2016 12:30","LODHA",1,"LODHA"
"13912",15,1686,"23-11-2016 12:32","anuragbatrayo",2,"BWBusinessworld"
"13913",15,1687,"23-11-2016 12:32","anuragbatrayo",2,"BWBusinessworld"
"13914",15,1688,"23-11-2016 12:32","BWBusinessworld",2,"BWBusinessworld"
"13911",15,1605,"23-11-2016 12:57","ThiyagSankaran",2,"BWBusinessworld"
"13910",15,1602,"23-11-2016 12:58","ThiyagSankaran",2,"BWBusinessworld"
"13909",15,1587,"23-11-2016 13:02","BWBusinessworld",1,"BWBusinessworld"
"13908",15,1566,"23-11-2016 13:07","athenatradewind",0,"athenatradewind"
"13907",15,1562,"23-11-2016 13:09","BWBusinessworld",1,"BWBusinessworld"
"13906",15,1540,"23-11-2016 13:12","bablumetro",0,"bablumetro"
"13905",15,1535,"23-11-2016 13:14","Nicochan33",1,"RKRadhakrishn"
"13904",15,1502,"23-11-2016 13:25","IndiaFactsOrg",7,"IndiaFactsOrg"
"13901",15,1489,"23-11-2016 13:26","mvnair212",7,"IndiaFactsOrg"
"13902",15,1491,"23-11-2016 13:26","thehotbharatiya",0,"thehotbharatiya"
"13903",15,1496,"23-11-2016 13:26","malathik1129",7,"IndiaFactsOrg"
"13899",15,1483,"23-11-2016 13:28","ShashankTweeps",0,"ShashankTweeps"
"13900",15,1484,"23-11-2016 13:28","InnovativeHindu",7,"IndiaFactsOrg"
"13898",15,1465,"23-11-2016 13:33","CIOL_NEWS",0,"CIOL_NEWS"
"13896",15,1432,"23-11-2016 13:40","chinmaytrivedi",1,"KaranArora"
"13897",15,1436,"23-11-2016 13:40","Aranca_IR",0,"Aranca_IR"
"13895",15,1334,"23-11-2016 14:00","ItzCash",5,"ItzCash"
"13894",15,1279,"23-11-2016 14:10","Parichaylegal",0,"Parichaylegal"
"13893",15,1270,"23-11-2016 14:12","FRENZIRAJ",7,"IndiaFactsOrg"
"13892",15,1265,"23-11-2016 14:13","cerebration12",7,"IndiaFactsOrg"
"13891",15,1253,"23-11-2016 14:16","Tata_ValueHomes",1,"Tata_ValueHomes"
"13890",15,1202,"23-11-2016 14:30","FTIIndia",1,"FTIIndia"
"13889",15,1192,"23-11-2016 14:33","vinaymathews",1,"MSA_IND"
"13888",15,1102,"23-11-2016 14:54","CSCMyWorkStyle",0,"CSCMyWorkStyle"
"13887",15,1071,"23-11-2016 15:00","FTIIndia",1,"FTIIndia"
"13885",15,1058,"23-11-2016 15:04","anuragbatrayo",1,"BWBusinessworld"
"13886",15,1060,"23-11-2016 15:04","anuragbatrayo",1,"BWBusinessworld"
"13884",15,1020,"23-11-2016 15:11","iMrChandan",5,"ItzCash"
"13883",15,997,"23-11-2016 15:18","MensRightsFF",2,"MensRightsFF"
"13881",15,950,"23-11-2016 15:30","myscribblings",1,"blogadda"
"13882",15,951,"23-11-2016 15:30","blogadda",1,"blogadda"
"13880",15,932,"23-11-2016 15:32","NetiCinema",0,"NetiCinema"
"13879",15,919,"23-11-2016 15:34","Mallesh2genius",0,"Mallesh2genius"
"13878",15,892,"23-11-2016 15:40","sagarnaik4458",12,"bsindia"
"13877",15,863,"23-11-2016 15:46","drivespark",0,"drivespark"
"13876",15,848,"23-11-2016 15:50","silverlightgal",10,"godavar"
"13874",15,800,"23-11-2016 15:59","khalidbhai",0,"khalidbhai"
"13875",15,801,"23-11-2016 15:59","madmanweb",10,"godavar"
"13873",15,768,"23-11-2016 16:05","Satishra1010",2,"MensRightsFF"
"13872",15,755,"23-11-2016 16:07","iabhishekk",10,"godavar"
"13871",15,735,"23-11-2016 16:10","ItzCash",1,"ItzCash"
"13870",15,699,"23-11-2016 16:14","indieanarch",10,"godavar"
"13869",15,695,"23-11-2016 16:15","bhavikvasa",5,"ItzCash"
"13868",15,627,"23-11-2016 16:29","LightspeedIndia",5,"ItzCash"
"13867",15,612,"23-11-2016 16:32","saadhyudu2011",1,"Tata_ValueHomes"
"13866",15,526,"23-11-2016 16:46","pcheruvally",1,"FTIIndia"
"13865",15,493,"23-11-2016 16:51","siri_notsiri",1,"siri_notsiri"
"13864",15,477,"23-11-2016 16:55","Amit___Yadav",0,"Amit___Yadav"
"13863",15,446,"23-11-2016 17:01","embracetheart",1,"siri_notsiri"
"13861",15,427,"23-11-2016 17:05","gauravchugh0415",1,"ItzCash"
"13862",15,428,"23-11-2016 17:05","gauravchugh0415",5,"ItzCash"
"13860",15,352,"23-11-2016 17:20","rajengg08",1,"FTIIndia"
"13859",15,287,"23-11-2016 17:33","adisave",0,"adisave"
"13858",15,247,"23-11-2016 17:41","aap_jehanabad",221,"aartic02"
"13857",15,238,"23-11-2016 17:43","sharadg287",221,"aartic02"
"13856",15,235,"23-11-2016 17:46","maitrishah2104",2,"JLLIndia"
"13855",15,214,"23-11-2016 17:50","SuryaNavin",5,"ItzCash"
"13854",15,190,"23-11-2016 17:54","JhansiKiRani77",7,"IndiaFactsOrg"
"13853",15,72,"23-11-2016 18:18","AllinoneIndia",0,"AllinoneIndia"
