"","Flow_from_user","Flow_to_user","flow"
"1","","cohelporg",1
"2","__yamaniyaa","sumongantait",0
"3","_cucumber_melon","jokinjey",0
"4","_desibuzz","ChilliFL",0
"5","_drcool_","AmarKrishnaJha",0
"6","_HarshilNayak","saachin20",1
"7","_HazirJawab","arunnutan",0
"8","_Hinduism_","zasambhu",1
"9","_Kirtibhairav","dkomal_kd",0
"10","_luxsplendor","max70391931",0
"11","_Narad","mkankunj",1
"12","_womaninattic","_WomanInAttic",0
"13","_WomanInAttic","_womaninattic",0
"14","_YogendraYadav","jadav_m",0
"15","02neeha","absolutethinker",0
"16","0807ankit","manijgd",-1
"17","1824sphurthy","akpndy",0
"18","1997INDIAN","ajtnegi",0
"19","1karnareddy","SanklechaD",-1
"20","3tweetsis1poem","Bhartiya_Invest",0
"21","4mlvodka","n1rajkumar",0
"22","56perumal","akg316arvind",0
"23","616476fbde873af","xglgu5obsw9j6xe",0
"24","a_miglani","vbeachcomber",0
"25","A_Observr","bharat_builder",1
"26","aakashhindocha","equity_focus",0
"27","AamAadmiParty","sahilma77068201",0
"28","aamadmy","AamAdmy",0
"29","AamAdmy","aamadmy",0
"30","aap_updates","AAP_Updates",0
"31","AAP_Updates","aap_updates",0
"32","aapkamuzzammil","MuzzammilAap",0
"33","aapkarajiv","dhyani0709",0
"34","aaplogical","DKMahant",-1
"35","aarfakhanam","Shehzad_Ind",0
"36","AartiTikoo","akhilnairashok",0
"37","AashaBisht","anil_chouksey",0
"38","aashish81us","Dmonetisation",-1
"39","aashishrazdan","apllalkesh",0
"40","abdulnasser21","Kahaanify",-1
"41","abdulsaleemgad","IndiaVikas50",0
"42","abhijeet9839","MiraPokhrel",0
"43","abhijeetmani","Priyotamo",0
"44","abhisek18","BBSRBuzz",0
"45","AbhishantPant","atomtech_india",0
"46","Abhishek3592","avinash_mailme",0
"47","abhitripathi15","sethichandigarh",1
"48","absolutethinker","02neeha",0
"49","AbuRC1981","swatisharma1105",0
"50","Accion","yaroslavs5kop",0
"51","acejunker","paulasset",0
"52","achaleshamar","adybhel",0
"53","ACJIndia","devadasrajaram",0
"54","adhaGiri","punestartup",0
"55","adil_ah123","FrankieMendonca",0
"56","adil14384","najirpatel3",0
"57","adv_animesh","Holmes2491",0
"58","adybhel","achaleshamar",0
"59","Agenda21Truth","mrsbfitz",0
"60","AgendaOfEvil","jackiemcreath1",0
"61","agentdice","didactdude",0
"62","ahmedtells","mkkhanmk",0
"63","ahmedwasim553","Swadlamudi",0
"64","AiholliSharat","roaldvishnyako3",0
"65","AIMIM_faraaz","zakikhanaimimi",0
"66","ajaymaken","sujitkumar5555",1
"67","AjoyAshirwad","lucifer_damned",0
"68","ajtnegi","1997INDIAN",0
"69","akg316arvind","56perumal",0
"70","akhilnairashok","AartiTikoo",0
"71","akka_Jacob","vishalkumarg87",0
"72","akpndy","1824sphurthy",0
"73","akron_88","vivekkapoor111",1
"74","AksharPathak","arvakagzionly",0
"75","Akshata_M_","muhammedansarsa",0
"76","Akshaysinghel","amz360",1
"77","alekskandrzalat","shernazpoonekar",0
"78","AlfredoMancuso","chriswilks1982",0
"79","allstartupsin","llstartupsin",-1
"80","alooftechnocrat","blockchaininfos",0
"81","AmarKrishnaJha","_drcool_",0
"82","amberswami","prasannavishy",0
"83","amberswami","vinay1011",-1
"84","ameytirodkar","azazshaikhiyc",1
"85","ami1623","arindamkolay",0
"86","amishra2k14","shonazaryddsam",0
"87","amit_2912","amit_2912",0
"88","amit_2912","amit_2912",0
"89","Amit_Diwakar_IN","rprashant3",0
"90","amit20_20","prosorymla1988",0
"91","amitji_k_rai","Ghunegaar",0
"92","amitkumar13557","quizderek",-1
"93","amitshuklao7","sabeaux",0
"94","amoghnavare","NaanuHindustani",0
"95","amolsainis","kiranmgosavi",0
"96","amz360","Akshaysinghel",-1
"97","analyseasia","navkendar_idc",0
"98","Anand_SolKnight","bugs_punny",1
"99","Anand_SolKnight","stupidosaur",1
"100","anandchirps","RiverValleyAMsg",0
"101","AnandM25_TNIE","suhana41",1
"102","anarchified","Suicidal_Hindu",-1
"103","AnchliaAnil","atlantesindia",1
"104","AndrogynyV","vanosenigma",0
"105","anechidna","prayag",1
"106","anil_chouksey","AashaBisht",0
"107","anil_khandal","saurabhindoriya",0
"108","anilkohli54","anilkohli54",0
"109","anilkohli54","anilkohli54",0
"110","anilkohli54","MohanRamadurai",-1
"111","anilkum31759662","jankibaat1",0
"112","anilrai","indiasbigdebate",1
"113","anisaz9_basit","lodhamar",1
"114","anisaz9_basit","shakkrpara",0
"115","anjanathadhani","archtomy",1
"116","AnjuNagarajan","pragya_bhushan",1
"117","AnkitLal","rahulkandwar",1
"118","ankitsa44603749","WithCongress",-1
"119","AnmolSi86","elizaprokhorov1",0
"120","anshujuhee","StreetBuzzApp",0
"121","anshumankhanna2","CSISIndiaChair",0
"122","ANTHONYBLOGAN","rickyyo2010",0
"123","anuragbhateja","fekubuster",1
"124","anuuragjain","avarakai",-1
"125","anuuragjain","dhrumilpatel",-1
"126","apllalkesh","aashishrazdan",0
"127","archchaudhary","rpollard",0
"128","archtomy","anjanathadhani",-1
"129","arindamkolay","ami1623",0
"130","arjunknair","marghospitality",0
"131","armolukDan","karthisrv",0
"132","ArnabGoswamiTv","deshneeti",1
"133","arnavkapoormk","rustamdzgl",0
"134","arun2981","aruproytweets",-1
"135","arun2981","DKMahant",-1
"136","arunnutan","_HazirJawab",0
"137","aruproytweets","arun2981",1
"138","arvakagzionly","AksharPathak",0
"139","arvasudevan","ramana1729",1
"140","arvind_69","iamsanumanna",1
"141","arvindsubraman","dhruvbhim",1
"142","aryaalok","jgopikrishnan70",-1
"143","aryaalok","olaprexa",-1
"144","ashahul","stausifr",0
"145","Ashish_1905","johntho49503509",0
"146","ashish0108sheth","vivekkapoor111",1
"147","ashishchaniara","MayurP2024",0
"148","ashok_baruah","sa_matthana",0
"149","ashokepandit","rakeshb71917365",0
"150","ashokism","ashokism",0
"151","ashokism","ashokism",0
"152","AshwinderRaj","daphinedndc",0
"153","ashwinmushran","mrsinghcricump",0
"154","asiannewsindia","suhana41",1
"155","AsiaSociety","yeonancyb",0
"156","asiatimesonline","hey_hey_mikey",0
"157","askdheeraj","indieanarch",1
"158","asraghunath","sourava88384237",0
"159","assassinsps","pdev070",0
"160","atlantesindia","AnchliaAnil",-1
"161","atlantesindia","Dhakad_VSL",-1
"162","atlantesindia","rachitmathur5",-1
"163","atlantesindia","shaggyno1",-1
"164","atlantesindia","SharmaKhemchand",-1
"165","atomtech_india","AbhishantPant",0
"166","atulkasbekar","k2ketkitara",0
"167","AUTOTODAYMAG","runsimrun",0
"168","avarakai","anuuragjain",1
"169","avarakai","tolerantdesii",1
"170","avd_kvp","sahilku65334183",0
"171","avi0074","dgogoi",0
"172","avinash_mailme","Abhishek3592",0
"173","avinash_mailme","MaheshJagga",-1
"174","aviralmittal","HarshBites",-1
"175","aviralmittal","MuzzammilAap",-1
"176","aviralmittal","temporary_handl",-1
"177","Awhadspeaks","daily_ncp",0
"178","ayushman_06","subodh_sarthi",0
"179","ayyappakumar10","Sethumadhavan",-1
"180","azazshaikhiyc","ameytirodkar",-1
"181","bainjal","jenixrino",1
"182","bala217","MagChennai",0
"183","balaindrajith","Chakolebaaz",0
"184","baldevkhokhar1","bishnoikuldeep",0
"185","BanGayaKutta","nisha_228",0
"186","banknomics","deepasidharth",0
"187","bansala_amit","trustingindia",1
"188","BaradaDs","shubhammarian",0
"189","barethia","raghuramrajang",0
"190","barua_ashish","dailyonion",0
"191","basasofficial","becca_savory",0
"192","basicincome","rBasicIncome",0
"193","BBSRBuzz","abhisek18",0
"194","bcasglobal","economistdk",0
"195","BeaLeydier","guindiaink",0
"196","becca_savory","basasofficial",0
"197","behindwoods","ragulram16",0
"198","Being_Humor","i_neerav",1
"199","BeingHindu","vipulit",1
"200","beingright","BeingRight",0
"201","BeingRight","beingright",0
"202","bengaleebabu","drshraddha16",0
"203","better_delhincr","better_delhincr",0
"204","better_delhincr","better_delhincr",0
"205","BhairaviAshar","integralunity",0
"206","BHANWARLALSUTH7","shyoranrakesh",0
"207","bharat_builder","A_Observr",-1
"208","bharat2004","Jal_Kukdi",-1
"209","bharat2004","TheOfficialSBI",0
"210","bhardwaj9649612","Divya_Agarwall",0
"211","Bhartiya_Invest","3tweetsis1poem",0
"212","bhavesh_khona","IB_India",0
"213","bhhaktti","ingujaratinfo",0
"214","bholipunjabn","penisgarlic",0
"215","bhootnath","rakeshb71917365",1
"216","bigsanturi","Himkunzum",-1
"217","bijonmehta","ottlegalrebels",1
"218","bijonmehta","technowornever",0
"219","bindaas_jhakaas","Retributions",-1
"220","bindaas_jhakaas","Suparna_Singh",-1
"221","BindasBolshy","gsramum",1
"222","bindiyamalhotr3","InfoAboutSunny",0
"223","bingchemtrails","jiggajones",0
"224","bishnoikuldeep","baldevkhokhar1",0
"225","bitchute","jwaddell58",0
"226","BJP_RSS","jsaditya",0
"227","bjpsamvad","bjpsamvad",0
"228","bjpsamvad","bjpsamvad",0
"229","bk_chudasama","odiBharosa",0
"230","blahfamous","OfficeChai",0
"231","blockchaininfos","alooftechnocrat",0
"232","blogadda","myscribblings",1
"233","BloombergQuint","journodebjit",0
"234","blue21sky","harvansh_batra",1
"235","BollypediaNews","nidhichugh06",0
"236","Bollywood_Stuff","shitalmanga",0
"237","bonddheeru","bonddheeru",0
"238","bonddheeru","bonddheeru",0
"239","bpp19571","iKunaal",0
"240","bpuand","NoSylviaPlath",-1
"241","bpuand","snehabanerg",0
"242","braveindianmax","deepaknegi23",-1
"243","Brewkenstein","rakeshupadhyay1",0
"244","brijwhiz","TalkOrTweets",0
"245","BRINKAsia","siripuramrk",0
"246","brumbyOz","imabhaygupta",1
"247","brushfiremind","rodie_ccw",0
"248","bruvpeace","RantsofIndia",0
"249","BsriksKatar","rajibde20712194",0
"250","bugs_punny","Anand_SolKnight",-1
"251","bugs_punny","databaazi",-1
"252","Busvine","dillichat",0
"253","bwdisrupt","pjain",0
"254","BwDisrupt","sangwan_sujata",0
"255","bykov_cheslav","n_gulshan",0
"256","c_assisi","rajadappa",0
"257","camishravikas","sanjivmishra4",0
"258","casantoshinsan","jaspals35305180",0
"259","CashlessChronic","dwijog",0
"260","CB_CII","sourishwithu",0
"261","ceo_of_my_life","VFSPL",0
"262","CGDev","dhruvbhim",1
"263","chagamkamalakar","sandipshettyyer",1
"264","chaitanyashree","DrJitendraSingh",0
"265","Chakolebaaz","balaindrajith",0
"266","chakshi_j7","mukunda1973",0
"267","champdev_","ChampDev_",-1
"268","ChampDev_","champdev_",1
"269","chanderst1","NKAYMe",0
"270","ChandrajitCM","srinjoymukherji",0
"271","chandreshd","pixiedixie721",0
"272","charujain171","GabbbarSingh",0
"273","chettri_prem","darjeelingtimes",0
"274","chichupedathaa","i_m_starboy",0
"275","ChickenBiryanii","suitablydumb",0
"276","ChilliFL","_desibuzz",0
"277","chinmaytrivedi","KaranArora",0
"278","chirag_nisha","RaoulGMI",0
"279","chiraghcherian","ramanbala7",0
"280","ChitrangBisht","deepakdv217",0
"281","Chopsyturvey","victoryvinoll",1
"282","choudharylaxmi","NSuMEeT1",0
"283","chriswilks1982","AlfredoMancuso",0
"284","chyprashant","Lovely_Sathish",0
"285","cioandleader","shubhlime",0
"286","CiscoBlogs","larialgenviller",0
"287","citizenspov","kanikacart",0
"288","cleviic","shanmugam_18",1
"289","clsmurali","MrMurali_M",0
"290","cohelporg","",-1
"291","cohelporg","cohelporg",0
"292","cohelporg","cohelporg",0
"293","coomarashish","kailashkaushik8",1
"294","coomarashish","subh851",1
"295","CryptKeeperBTT","phantompen",0
"296","CSISIndiaChair","anshumankhanna2",0
"297","ctrlaltdel007","urbantreehomes",0
"298","cubishopcom","tech_singapore",0
"299","Currency_crisis","everg3",1
"300","daily_ncp","Awhadspeaks",0
"301","dailyonion","barua_ashish",0
"302","danielsnchezrna","garybcohen",0
"303","daphinedndc","AshwinderRaj",0
"304","darjeelingtimes","chettri_prem",0
"305","darkdestinynme","ProfNKPandey",0
"306","das_prashant777","manoharparrikar",0
"307","das_prashant777","SaundiD",-1
"308","databaazi","bugs_punny",1
"309","datar1999","DATAR1999",0
"310","DATAR1999","datar1999",0
"311","daves_folly","macrodidact",0
"312","davinder2010","vishalvkumar",0
"313","DavisonVideo","rikkipoynter",0
"314","dcdecals1","PattySD51",0
"315","ddsez","Tweenvi",-1
"316","DDSez","sameer470",1
"317","deba2501","kumar_sumit",0
"318","debkanchan","JayKay074",0
"319","deeepakkher","iamsanumanna",1
"320","deepak_mvs","ZERCHapp",0
"321","deepakdv217","ChitrangBisht",0
"322","deepakkhatri812","IYC",0
"323","deepakkhatri812","TS_SinghDeo",-1
"324","deepaknegi23","braveindianmax",1
"325","deepasidharth","banknomics",0
"326","deepJM9","dipenpatel_20",0
"327","demonetizationn","manojrammoorthy",0
"328","denisvtjsp","StateBank_Pak",0
"329","desaihirvita","r0zmtvwcfwwfr7p",0
"330","deshneeti","ArnabGoswamiTv",-1
"331","DesiUvach","wavehit",1
"332","devadasrajaram","ACJIndia",0
"333","devn29","yugaparivartan",-1
"334","DevPathways","heinersalomon",0
"335","devyanidilli","FastNewsDelhi",0
"336","dgogoi","avi0074",0
"337","Dhakad_VSL","atlantesindia",1
"338","Dhananter_singh","kejri420",0
"339","dhanbiogr","tsezarlilms",0
"340","dharambaskar","Satyapriyan",0
"341","dharamsahab","TheJeonsa",-1
"342","dhrubajitsenap3","GauravGogoiAsm",0
"343","dhrumilpatel","anuuragjain",1
"344","dhruvbhim","arvindsubraman",-1
"345","dhruvbhim","CGDev",-1
"346","dhruvbhim","KiranKS",-1
"347","dhruvbhim","SanaSecurities",-1
"348","dhruvbhim","sandipsabharwal",-1
"349","dhruvbhim","smarket",-1
"350","dhyani0709","aapkarajiv",0
"351","diamondtile2","getongab",0
"352","dibang","gizelethakral",0
"353","didactdude","agentdice",0
"354","differotically","SimplyShilpi_89",0
"355","digipankazz","newspatrolling",0
"356","digitindia","myscribblings",0
"357","dillichat","Busvine",0
"358","dingbong","sbcltr",0
"359","dinyrose31","RAJUPAUNIKAR",0
"360","dipenpatel_20","deepJM9",0
"361","Divya_Agarwall","bhardwaj9649612",0
"362","divya_legal","ParichayLegal",0
"363","DKMahant","aaplogical",1
"364","DKMahant","arun2981",1
"365","dkomal_kd","_Kirtibhairav",0
"366","Dmonetisation","aashish81us",1
"367","dnishesh","silvanfokin4",0
"368","docstl","FedoraDaExplora",-1
"369","doga_uncle","sunil131415",0
"370","dpurkayastha","dpurkayastha",0
"371","dpurkayastha","dpurkayastha",0
"372","drcharansingh2","iamyudhvir",0
"373","DrJitendraSingh","chaitanyashree",0
"374","dropandlob","sidvee",0
"375","drshraddha16","bengaleebabu",0
"376","drvds59","trickydonor",0
"377","dsgiri","porinju",-1
"378","dwijog","CashlessChronic",0
"379","DyingConsciousn","vinoohora",1
"380","econofpak","irfantariq",0
"381","economistdk","bcasglobal",0
"382","ekaurat","SBengali",0
"383","ElectionCmsn","theablamard",0
"384","elizaprokhorov1","AnmolSi86",0
"385","ellinasm8","udaygour",0
"386","elspeth54","rksandhu88",0
"387","emanmann2","soumikdas",-1
"388","embracetheart","MBQasmi",-1
"389","embracetheart","siri_notsiri",-1
"390","emilkhalmatn","JediLucario1138",0
"391","enterofright","sahilkhurana09",1
"392","ePaisa","vasishtaneelesh",1
"393","equity_focus","aakashhindocha",0
"394","erhkgupta","indu_jha",0
"395","everg3","Currency_crisis",-1
"396","everg3","SunilSinghBJP",-1
"397","faisalmoney","meet_murtaza",0
"398","faizaskari","parshanthadala",0
"399","fantomas0001","Undoomed",0
"400","farhanshaikh14","tinabasetia",0
"401","FastNewsDelhi","devyanidilli",0
"402","fatimakabo","indiaforums",0
"403","FedoraDaExplora","docstl",1
"404","FedoraDaExplora","stupidosaur",1
"405","fekubuster","anuragbhateja",-1
"406","fgautier26","pragya_bhushan",1
"407","FinancialXpress","svp7",1
"408","finclusion_fii","JMorduch",0
"409","finiterecursion","mmichav",0
"410","foodmfguk","Xtechnews",0
"411","forged_steele","ZeniaIrani",0
"412","fortiusinfra","pinclickhomes",0
"413","FrankieMendonca","adil_ah123",0
"414","GabbbarSingh","charujain171",0
"415","gani786786","VandanaSsingh",0
"416","garybcohen","danielsnchezrna",0
"417","gaurav_parrikar","rashmitambe",0
"418","GauravGogoiAsm","dhrubajitsenap3",0
"419","gauravonnet","gauravonnet",0
"420","gauravonnet","gauravonnet",0
"421","GauravPandhi","geetv79",1
"422","gaurnsui","Roshan_INC",0
"423","geekgpa","Silent_budhha",0
"424","geeminhas","governancenow",0
"425","geetv79","GauravPandhi",-1
"426","geetv79","geetv79",0
"427","geetv79","geetv79",0
"428","getongab","diamondtile2",0
"429","ghostbustor","mayankjain100",0
"430","Ghunegaar","amitji_k_rai",0
"431","girishkuber","jenixrino",1
"432","gizelethakral","dibang",0
"433","GNDTV","parthpa07241800",1
"434","goaltiwari","RuchiKom",-1
"435","goeltm_tg","nesoron",-1
"436","gopalak82004469","SmritiIrunI",0
"437","Gopalee67","padamchowdhary",0
"438","governancenow","geeminhas",0
"439","govinms","theicai",-1
"440","gptayu","gptayu",0
"441","gptayu","gptayu",0
"442","greatheman","rathinganguly",0
"443","grumpeoldman","rohithjyo",-1
"444","grumpeoldman","Rupalijee",-1
"445","gsailaja5","gsailaja5",0
"446","gsailaja5","gsailaja5",0
"447","gsramum","BindasBolshy",-1
"448","gthoppae","pcquest",0
"449","guindiaink","BeaLeydier",0
"450","gyanendraw","tncpim",-1
"451","haneinfo","prateikdhatrak",0
"452","haridasdr","Jayaa03",0
"453","harishcnarang1","ShipraSuri",0
"454","HarshBites","aviralmittal",1
"455","harshkkapoor","harshkkapoor",0
"456","harshkkapoor","harshkkapoor",0
"457","harshkkapoor","vijaychavda9",-1
"458","HarsimratBadal_","parthpa07241800",1
"459","harvansh_batra","blue21sky",-1
"460","harvansh_batra","spati2012",-1
"461","harvansh_batra","vmlsanna9",-1
"462","hashiTharoor","sirpandyahardik",1
"463","headstartdelhi","technogit",0
"464","heartdaughter","rescarsega",0
"465","heathermachado","Jevari_Delmayne",0
"466","heinersalomon","DevPathways",0
"467","hellboy300","NipponData",-1
"468","hemant_p","Oneindia",-1
"469","HemantRitu7","manishjagtap07",1
"470","hemster","onlysanjeevjha",1
"471","hey_hey_mikey","asiatimesonline",0
"472","hi_paresh","jamewils",1
"473","HiddenGuruz","maksimbelkx",0
"474","Himkunzum","bigsanturi",1
"475","Himkunzum","sidnairatwork",0
"476","HinduIDF","navbhaarat",0
"477","Holmes2491","adv_animesh",0
"478","hoskotevish89","WIONews",0
"479","HP_Journo","tabassumzia",0
"480","hstapanghosh","snatansupremacy",1
"481","huss_master","RomeoGomes8",0
"482","i_m_starboy","chichupedathaa",0
"483","i_neerav","Being_Humor",-1
"484","i_neerav","RenukaJain6",0
"485","iAM_akumarS","noufal02066000",0
"486","iammastanvali","kmfameen",0
"487","iamsanumanna","arvind_69",-1
"488","iamsanumanna","deeepakkher",-1
"489","iamyudhvir","drcharansingh2",0
"490","ianuragthakur","kapilgurjarbjp",1
"491","iarunmani","iarunmani",0
"492","iarunmani","iarunmani",0
"493","IB_India","bhavesh_khona",0
"494","iceyurifo1iv3","thunderf00t",0
"495","icivilized","MajorPoonia",0
"496","iharjeetr","imeerage",0
"497","iilillysinghhii","unicornisland11",0
"498","iKunaal","bpp19571",0
"499","ilusions4","solemnisismemes",0
"500","imabhaygupta","brumbyOz",-1
"501","imbindassm","IWF_Writers",-1
"502","imeerage","iharjeetr",0
"503","imfakhir","sanjuydv",0
"504","imSatnam_","so87005",0
"505","imsgsingh","sunilrajguru",0
"506","IndiaFactsOrg","innovativehindu",1
"507","indiaforums","fatimakabo",0
"508","indiandropout","TheApplop",0
"509","indiasbigdebate","anilrai",-1
"510","IndiaVikas50","abdulsaleemgad",0
"511","indieanarch","askdheeraj",-1
"512","indieanarch","moonsez",-1
"513","indieanarch","WhirlingDervesh",-1
"514","indinewz","saur008",0
"515","indu_jha","erhkgupta",0
"516","InfoAboutSunny","bindiyamalhotr3",0
"517","ingujaratinfo","bhhaktti",0
"518","inIT_Telangan","telanganafacts",0
"519","innovativehindu","IndiaFactsOrg",-1
"520","innovativehindu","MaheshJagga",-1
"521","integralunity","BhairaviAshar",0
"522","InternetHinduz","lalithkris",1
"523","irfantariq","econofpak",0
"524","iSKatiyar","pragya_bhushan",1
"525","iSKatiyar","sudhirputhran",0
"526","iTheThackrey","rb5252552",0
"527","itsmeping_t","OccuWorld",0
"528","IWF_Writers","imbindassm",1
"529","iYashwant","kumarkm53",1
"530","IYC","deepakkhatri812",0
"531","jab9777","kmfameen",-1
"532","jabing28","jameelsjam",0
"533","jackiemcreath1","AgendaOfEvil",0
"534","jadav_m","_YogendraYadav",0
"535","jainsaurabh85","ZestMoney",0
"536","Jal_Kukdi","bharat2004",1
"537","jameelsjam","jabing28",0
"538","jamewils","hi_paresh",-1
"539","jamewils","jamewils",0
"540","jamewils","jamewils",0
"541","Janamejayan","kanimozhi",1
"542","jankibaat1","anilkum31759662",0
"543","jasbjp","JasBJP",-1
"544","JasBJP","jasbjp",1
"545","jaspals35305180","casantoshinsan",0
"546","jatharvijay","manaseit",0
"547","JavierBlas2","kennethfalke",0
"548","Jayaa03","haridasdr",0
"549","JaydKrish","prayag",1
"550","jayeshb","mostlyeconomics",0
"551","jayhindurastram","porinju",0
"552","JayKay074","debkanchan",0
"553","JediLucario1138","emilkhalmatn",0
"554","jeet_esolutions","vaidus",0
"555","jenaanindya","varibar02_dr",0
"556","jenixrino","bainjal",-1
"557","jenixrino","girishkuber",-1
"558","jenixrino","manickamtagore",-1
"559","jethapunjabi","nugovhlejaqersn",0
"560","Jevari_Delmayne","heathermachado",0
"561","jgopikrishnan70","aryaalok",1
"562","jiggajones","bingchemtrails",0
"563","jitubhaiyajgd","smilingshivani",0
"564","JMorduch","finclusion_fii",0
"565","johntho49503509","Ashish_1905",0
"566","jokinjey","_cucumber_melon",0
"567","journodebjit","BloombergQuint",0
"568","joyeee990","nmleo1",0
"569","jsaditya","BJP_RSS",0
"570","juhichaturvedi","meshrammanish07",0
"571","jumle_baaz","SushmaMMaurya",0
"572","jvidyasagar","sandhyatwtz",0
"573","jwaddell58","bitchute",0
"574","jyotirmoy24","rohitavasaha",0
"575","k2ketkitara","atulkasbekar",0
"576","Kahaanify","abdulnasser21",1
"577","kailashkaushik8","coomarashish",-1
"578","kaisarganie26","SrinagarTimes_",0
"579","kalpitraval","TheFounder2013",0
"580","kamaaaa6","nachikethass",-1
"581","kanikacart","citizenspov",0
"582","kanikacart","tanveer1729",0
"583","kanikacart","zaalimanna",1
"584","kanimozhi","Janamejayan",-1
"585","kanimozhi","kanimozhi",0
"586","kanimozhi","kanimozhi",0
"587","kapilgurjarbjp","ianuragthakur",-1
"588","kapilgurjarbjp","SharmaKhemchand",-1
"589","KaranArora","chinmaytrivedi",0
"590","Karnikakahen","zaalimanna",1
"591","Karthick2668","oldsailor",0
"592","karthisrv","armolukDan",0
"593","kattu_ak","MaayaaSarabhai",-1
"594","kaushkrahul","nilleo007",1
"595","kaushkrahul","rohitagarwal86",1
"596","kejri420","Dhananter_singh",0
"597","kennethfalke","JavierBlas2",0
"598","khany25","newsflicks",0
"599","khilav","vdehejia",0
"600","KiranKS","dhruvbhim",1
"601","kiranmgosavi","amolsainis",0
"602","kisanpal1213","RTforINC",0
"603","KJshashi","nixxin",1
"604","kmfameen","iammastanvali",0
"605","kmfameen","jab9777",1
"606","krishanjee","r_kodali",-1
"607","krist0ph3r","vac22",0
"608","krrisshna","Shr3yanshS",0
"609","krupasp","laveenavgupta",0
"610","ksvenu247","prameshjain12",1
"611","kumar_sumit","deba2501",0
"612","kumarkm53","iYashwant",-1
"613","kunal_391","salaudd87682118",0
"614","kunthavi5","Mash_Tweetwani",0
"615","lalithkris","InternetHinduz",-1
"616","lamboomishra","wahabtariqbutt",0
"617","LangaMahesh","shanmugam_18",1
"618","larialgenviller","CiscoBlogs",0
"619","laveenavgupta","krupasp",0
"620","legalassistadv","taxmannindia",0
"621","lekhachakrabor1","nipfp_org_in",0
"622","Lexmeridian","piushtomar",0
"623","livmilind","NagasConnect",0
"624","llstartupsin","allstartupsin",1
"625","LODHA","vinit_shah1",0
"626","lodhamar","anisaz9_basit",-1
"627","lohana1983","niteshplatinum",-1
"628","lone_mubashir","sahmed0024",0
"629","Lovely_Sathish","chyprashant",0
"630","lucifer_damned","AjoyAshirwad",0
"631","luvmunkey","Luvmunkey",0
"632","Luvmunkey","luvmunkey",0
"633","MaayaaSarabhai","kattu_ak",1
"634","macrodidact","daves_folly",0
"635","madhuhalkani","madhuhalkani",0
"636","madhuhalkani","madhuhalkani",0
"637","MagChennai","bala217",0
"638","MaheshJagga","avinash_mailme",1
"639","MaheshJagga","innovativehindu",1
"640","MajorPoonia","icivilized",0
"641","maksimbelkx","HiddenGuruz",0
"642","malathik1129","spati2012",-1
"643","mallika00853159","YSRCPFriends",-1
"644","manaseit","jatharvijay",0
"645","manickamtagore","jenixrino",1
"646","manijgd","0807ankit",1
"647","maninderonline","TimesOFAssam",0
"648","maniram50","mrpatel1954",0
"649","manish847211","manish847211",0
"650","manish847211","manish847211",0
"651","manishaBJP","ssssidddd",0
"652","manishjagtap07","HemantRitu7",-1
"653","manngoman1","shalinigAAP",0
"654","manoharparrikar","das_prashant777",0
"655","manojrammoorthy","demonetizationn",0
"656","manthandoc","OnmanoramaLive",-1
"657","manutimsina","TweetZaade",0
"658","marghospitality","arjunknair",0
"659","marioisnothere","panromir",0
"660","MartinRapaport","rapaport",0
"661","Mash_Tweetwani","kunthavi5",0
"662","mass_comm_media","Mass_Comm_Media",-1
"663","Mass_Comm_Media","mass_comm_media",1
"664","max4974","Sri_Sri2002",0
"665","max70391931","_luxsplendor",0
"666","mayankjain100","ghostbustor",0
"667","MayurP2024","ashishchaniara",0
"668","MBQasmi","embracetheart",1
"669","medianama","sudhiirkrishnan",0
"670","meet_murtaza","faisalmoney",0
"671","mega_murali","sistlamurali",-1
"672","mehtadarshans","MEHTADARSHANS",0
"673","MEHTADARSHANS","mehtadarshans",0
"674","MensRightsFF","satishra1010",0
"675","meshrammanish07","juhichaturvedi",0
"676","mhmd2030","ziaahmedkhan",0
"677","milopqm2p","RiteshEconomist",0
"678","MiraPokhrel","abhijeet9839",0
"679","MirzaGhalib786","noahalishah",0
"680","misail_kalinin","thetanmay",0
"681","mituamin","stuartkenyon81",0
"682","mkankunj","_Narad",-1
"683","mkankunj","sanjeetbisht",0
"684","mkkhanmk","ahmedtells",0
"685","mmichav","finiterecursion",0
"686","mmrt95","RTIndia_ngo",0
"687","mocreighton","nosylviaplath",0
"688","Modern_Gypsy","ragemonk",1
"689","MohanRamadurai","anilkohli54",1
"690","momsdemandail","TomoNewsUS",0
"691","monetisation","sahilkhurana09",1
"692","MonicaDubey","vijaisalins",0
"693","monty_chadha","vanichandra2010",0
"694","moonsez","indieanarch",1
"695","moredeplorable","ryanward87",0
"696","mostlyeconomics","jayeshb",0
"697","MrMurali_M","clsmurali",0
"698","mrpatel1954","maniram50",0
"699","mrsbfitz","Agenda21Truth",0
"700","mrsinghcricump","ashwinmushran",0
"701","MSA_IND","vinaymathews",0
"702","msirsiwal","NCIndia",-1
"703","muh_pe_bolunga","PUNjipati",-1
"704","muh_pe_bolunga","sanmistryious",-1
"705","muhammedansarsa","Akshata_M_",0
"706","mukunda1973","chakshi_j7",0
"707","mumbai_pyc","pravinseta",0
"708","muzzammilaap","saxenavishakha",-1
"709","MuzzammilAap","aapkamuzzammil",0
"710","MuzzammilAap","aviralmittal",1
"711","mypoolin","sunnyboyrohit",0
"712","myscribblings","blogadda",-1
"713","myscribblings","digitindia",0
"714","n_gulshan","bykov_cheslav",0
"715","n1rajkumar","4mlvodka",0
"716","NaanuHindustani","amoghnavare",0
"717","nachikethass","kamaaaa6",1
"718","NagasConnect","livmilind",0
"719","NaIna0806","parthpa07241800",1
"720","najirpatel3","adil14384",0
"721","namoksath","SinhaPune",0
"722","naraduwacha","NazemNaqvi",0
"723","narain_vishnu","scsver",0
"724","navbhaarat","HinduIDF",0
"725","navkendar_idc","analyseasia",0
"726","NazemNaqvi","naraduwacha",0
"727","NCIndia","msirsiwal",1
"728","ndtv","tweetsfromarnab",0
"729","neelmani1980","rohanmlw",0
"730","neelu020793","srirambjp",0
"731","NeetuGarg6","rdmakwana",0
"732","Nesenag","wavehit",1
"733","nesoron","goeltm_tg",1
"734","nesoron","richasharma0971",1
"735","News_Pictures1","suhana41",1
"736","newsflicks","khany25",0
"737","newspatrolling","digipankazz",0
"738","nicochan33","RKRadhakrishn",0
"739","nidhichugh06","BollypediaNews",0
"740","nikhilesh01","scimitar_ss",0
"741","Nikhilrgupta","sharad14",0
"742","nilleo007","kaushkrahul",-1
"743","nipfp_org_in","lekhachakrabor1",0
"744","NipponData","hellboy300",1
"745","nisha_228","BanGayaKutta",0
"746","niterfoheel1972","singh_shaantanu",0
"747","niteshplatinum","lohana1983",1
"748","nitinSPEAKs","realestateb0t",0
"749","nixxin","KJshashi",-1
"750","nixxin","raveeshbhalla",-1
"751","NKAYMe","chanderst1",0
"752","nmleo1","joyeee990",0
"753","noahalishah","MirzaGhalib786",0
"754","nosylviaplath","mocreighton",0
"755","NoSylviaPlath","bpuand",1
"756","noufal02066000","iAM_akumarS",0
"757","noyabrinaknyaz2","SikhaSunam",0
"758","NSuMEeT1","choudharylaxmi",0
"759","nuevomedio","thePhaserdotcom",0
"760","nugovhlejaqersn","jethapunjabi",0
"761","nvmehra","nvmehra",0
"762","nvmehra","nvmehra",0
"763","OccuWorld","itsmeping_t",0
"764","odiBharosa","bk_chudasama",0
"765","odiBharosa","sahilkhurana09",1
"766","OfficeChai","blahfamous",0
"767","olaprexa","aryaalok",1
"768","oldsailor","Karthick2668",0
"769","omgupta60","vrsrini",0
"770","omjakhar","rkm0907",0
"771","Oneindia","hemant_p",1
"772","OnestlyBrutal","sakshamsobti",0
"773","onlysanjeevjha","hemster",-1
"774","onlysanjeevjha","profpaVarghese",-1
"775","OnmanoramaLive","manthandoc",1
"776","ootbdevk","RoshanSdrprop",0
"777","opinionpoll1","OpinionPoll1",0
"778","OpinionPoll1","opinionpoll1",0
"779","ottlegalrebels","bijonmehta",-1
"780","padamchowdhary","Gopalee67",0
"781","panromir","marioisnothere",0
"782","ParichayLegal","divya_legal",0
"783","parshanthadala","faizaskari",0
"784","parthology","victoryfornamo",0
"785","parthpa07241800","GNDTV",-1
"786","parthpa07241800","HarsimratBadal_",-1
"787","parthpa07241800","NaIna0806",-1
"788","Patelzuber","sirpandyahardik",1
"789","PathanAsmakhan","rahultkd",1
"790","pathaniasagar","PathaniaSagar",0
"791","PathaniaSagar","pathaniasagar",0
"792","PattySD51","dcdecals1",0
"793","paulasset","acejunker",0
"794","pawshemanoj","PawsheManoj",0
"795","PawsheManoj","pawshemanoj",0
"796","pcquest","gthoppae",0
"797","pdev070","assassinsps",0
"798","penisgarlic","bholipunjabn",0
"799","phantompen","CryptKeeperBTT",0
"800","pinaki_dasgupta","twit2abhi",0
"801","pinclickhomes","fortiusinfra",0
"802","pintujadhavbjp","shailesh_0501",-1
"803","pintujadhavbjp","SickularLibtard",-1
"804","pintujadhavbjp","ThinkingHearts",-1
"805","piushtomar","Lexmeridian",0
"806","pixiedixie721","chandreshd",0
"807","pjain","bwdisrupt",0
"808","Policewalaaa","siddhigan58",0
"809","pooja9394","ShomaChaudhury",0
"810","porinju","dsgiri",1
"811","porinju","jayhindurastram",0
"812","porinju","praveenbp21aug",1
"813","pragya_bhushan","AnjuNagarajan",-1
"814","pragya_bhushan","fgautier26",-1
"815","pragya_bhushan","iSKatiyar",-1
"816","prajwalmehta1","psweta16",0
"817","prameshjain12","ksvenu247",-1
"818","prasannavishy","amberswami",0
"819","prashantktm","sourabhx25",0
"820","prateikdhatrak","haneinfo",0
"821","praveenbp21aug","porinju",-1
"822","pravinseta","mumbai_pyc",0
"823","prayag","anechidna",-1
"824","prayag","JaydKrish",-1
"825","priyaakulkarni2","priyaakulkarni2",0
"826","priyaakulkarni2","priyaakulkarni2",0
"827","priyankac19","saachin20",1
"828","priyankac19","shanmugam_18",1
"829","Priyotamo","abhijeetmani",0
"830","ProfNKPandey","darkdestinynme",0
"831","ProfNKPandey","ragemonk",0
"832","profpaVarghese","onlysanjeevjha",1
"833","prosorymla1988","amit20_20",0
"834","psweta16","prajwalmehta1",0
"835","PtAmitSharma","quest_illusion",0
"836","ptripps","ptripps",0
"837","ptripps","ptripps",0
"838","punestartup","adhaGiri",0
"839","punitspeaks","TheHapppySoul",-1
"840","PUNjipati","muh_pe_bolunga",1
"841","puravapakash","RajeevSrinivasa",-1
"842","quest_illusion","PtAmitSharma",0
"843","quizderek","amitkumar13557",1
"844","r_kodali","krishanjee",1
"845","r0zmtvwcfwwfr7p","desaihirvita",0
"846","rachitmathur5","atlantesindia",1
"847","radha__rk","tiebangalore",0
"848","RadhaGiri","shivbuddh",0
"849","rageafterstorm","Whitesquall_87",0
"850","ragemonk","Modern_Gypsy",-1
"851","ragemonk","ProfNKPandey",0
"852","raghump10","trivedia1234",-1
"853","raghuramrajang","barethia",0
"854","ragulram16","behindwoods",0
"855","Raheelk","rushikeshkul",0
"856","rahulja13034944","RanaAyyub",-1
"857","rahulkandwar","AnkitLal",-1
"858","rahulmodi_","sailorsmoon",0
"859","Rahultheroxtar","veena2611",0
"860","rahultkd","PathanAsmakhan",-1
"861","rajadappa","c_assisi",0
"862","rajadebche","Smita_Dutta_",0
"863","RajeevSrinivasa","puravapakash",1
"864","rajibde20712194","BsriksKatar",0
"865","RAJUPAUNIKAR","dinyrose31",0
"866","rakeshb71917365","ashokepandit",0
"867","rakeshb71917365","bhootnath",-1
"868","rakeshupadhyay1","Brewkenstein",0
"869","ramana1729","arvasudevan",-1
"870","ramanbala7","chiraghcherian",0
"871","ramramji10008","SV99999",0
"872","ramsarswat16","shripadynaik",-1
"873","RanaAyyub","rahulja13034944",1
"874","RantsofIndia","bruvpeace",0
"875","RaoulGMI","chirag_nisha",0
"876","rapaport","MartinRapaport",0
"877","rashmitambe","gaurav_parrikar",0
"878","rasita","subichaturvedi",0
"879","RatheeshVgopal","vjkolli",0
"880","rathinganguly","greatheman",0
"881","raveeshbhalla","nixxin",1
"882","razorsspark","TruthRoars",0
"883","rb5252552","iTheThackrey",0
"884","rBasicIncome","basicincome",0
"885","rdmakwana","NeetuGarg6",0
"886","realestateb0t","nitinSPEAKs",0
"887","Realitybytes51","samkhan999",1
"888","realsunilkumar","TheChaoticNinja",0
"889","renu_18","renu_18",0
"890","renu_18","renu_18",0
"891","RenukaJain6","i_neerav",0
"892","rescarsega","heartdaughter",0
"893","Retributions","bindaas_jhakaas",1
"894","richasharma0971","nesoron",-1
"895","rickyyo2010","ANTHONYBLOGAN",0
"896","rikkipoynter","DavisonVideo",0
"897","RiteshEconomist","milopqm2p",0
"898","RiverValleyAMsg","anandchirps",0
"899","rkm0907","omjakhar",0
"900","RKRadhakrishn","nicochan33",0
"901","rksandhu88","elspeth54",0
"902","roaldvishnyako3","AiholliSharat",0
"903","roamingraghu","roamingraghu",0
"904","roamingraghu","roamingraghu",0
"905","roamingraghu","zaalimanna",1
"906","rodie_ccw","brushfiremind",0
"907","rohanmlw","neelmani1980",0
"908","rohitagarwal86","kaushkrahul",-1
"909","rohitagarwal86","sundeepgummadi",-1
"910","rohitavasaha","jyotirmoy24",0
"911","rohithjyo","grumpeoldman",1
"912","Rohtakite","sameeruniverse",1
"913","RomeoGomes8","huss_master",0
"914","RonsNewsFeed","trutherbotjkr",0
"915","rootsrachere191","wef",0
"916","Roshan_INC","gaurnsui",0
"917","RoshanSdrprop","ootbdevk",0
"918","RoshanSdrprop","shailendra1212",1
"919","rpollard","archchaudhary",0
"920","rprashant3","Amit_Diwakar_IN",0
"921","rrr23saini","TarekFatah",-1
"922","rs_telagathoty","satyanveshkumar",0
"923","RTforINC","kisanpal1213",0
"924","RTIndia_ngo","mmrt95",0
"925","RuchiKom","goaltiwari",1
"926","runsimrun","AUTOTODAYMAG",0
"927","Rupalijee","grumpeoldman",1
"928","rushikeshkul","Raheelk",0
"929","rustamdzgl","arnavkapoormk",0
"930","ryanward87","moredeplorable",0
"931","s_manjari","veer_purush",0
"932","sa_matthana","ashok_baruah",0
"933","saachin20","_HarshilNayak",-1
"934","saachin20","priyankac19",-1
"935","saachin20","TimesNow_",-1
"936","sabeaux","amitshuklao7",0
"937","sahilkhurana09","enterofright",-1
"938","sahilkhurana09","monetisation",-1
"939","sahilkhurana09","odiBharosa",-1
"940","sahilku65334183","avd_kvp",0
"941","sahilma77068201","AamAadmiParty",0
"942","sahmed0024","lone_mubashir",0
"943","sailorsmoon","rahulmodi_",0
"944","sailorsmoon","vaibhavg10",1
"945","sainath_kits","UnSubtleDesi",0
"946","sakshamsobti","OnestlyBrutal",0
"947","salaudd87682118","kunal_391",0
"948","SalmanSoz","shanmugam_18",1
"949","sameer470","DDSez",-1
"950","sameeruniverse","Rohtakite",-1
"951","samkhan999","Realitybytes51",-1
"952","samyagdrsti","SheenuDr",0
"953","samyagdrsti","Tweenvi",-1
"954","SanaSecurities","dhruvbhim",1
"955","sandhyatwtz","jvidyasagar",0
"956","sandipsabharwal","dhruvbhim",1
"957","sandipshettyyer","chagamkamalakar",-1
"958","Sanginamby","zaalimanna",1
"959","sangwan_sujata","BwDisrupt",0
"960","sanjeetbisht","mkankunj",0
"961","sanjivmishra4","camishravikas",0
"962","sanjuydv","imfakhir",0
"963","sanjuydv","shanmugam_18",1
"964","SanklechaD","1karnareddy",1
"965","sanmistryious","muh_pe_bolunga",1
"966","saritray2001","sharroness",0
"967","satish_patidar_","virbhadrasingh",-1
"968","satishra1010","MensRightsFF",0
"969","satyabhashnam","TradHin",0
"970","satyanveshkumar","rs_telagathoty",0
"971","Satyapriyan","dharambaskar",0
"972","SaundiD","das_prashant777",1
"973","saur008","indinewz",0
"974","saurabhindoriya","anil_khandal",0
"975","savitri4ever","Savitri4Ever",-1
"976","Savitri4Ever","savitri4ever",1
"977","sawandutta","vinitadeshmukh",0
"978","saxenask352","vmohan53",0
"979","saxenavishakha","muzzammilaap",1
"980","sbcltr","dingbong",0
"981","SBengali","ekaurat",0
"982","scimitar_ss","nikhilesh01",0
"983","scsver","narain_vishnu",0
"984","seandotau","stevewal63",0
"985","sethichandigarh","abhitripathi15",-1
"986","sethichandigarh","SinhaPune",0
"987","SethShruti","singandhupe",0
"988","Sethumadhavan","ayyappakumar10",1
"989","sh98","SundayTweeter",0
"990","shaggyno1","atlantesindia",1
"991","shailendra1212","RoshanSdrprop",-1
"992","shailesh_0501","pintujadhavbjp",1
"993","shakkrpara","anisaz9_basit",0
"994","shalinigAAP","manngoman1",0
"995","ShankhNaad","sriniwas007",0
"996","shanmugam_18","cleviic",-1
"997","shanmugam_18","LangaMahesh",-1
"998","shanmugam_18","priyankac19",-1
"999","shanmugam_18","SalmanSoz",-1
"1000","shanmugam_18","sanjuydv",-1
"1001","sharad14","Nikhilrgupta",0
"1002","sharathvs","SharathVS",0
"1003","SharathVS","sharathvs",0
"1004","SharmaKhemchand","atlantesindia",1
"1005","SharmaKhemchand","kapilgurjarbjp",1
"1006","sharmavaibhav20","sharmavaibhav20",0
"1007","sharmavaibhav20","sharmavaibhav20",0
"1008","sharroness","saritray2001",0
"1009","SheenuDr","samyagdrsti",0
"1010","Shehzad_Ind","aarfakhanam",0
"1011","shernazpoonekar","alekskandrzalat",0
"1012","ShipraSuri","harishcnarang1",0
"1013","shitalmanga","Bollywood_Stuff",0
"1014","shivbuddh","RadhaGiri",0
"1015","ShomaChaudhury","pooja9394",0
"1016","shonazaryddsam","amishra2k14",0
"1017","Shr3yanshS","krrisshna",0
"1018","shravankapoor1","SMedia4",-1
"1019","shripadynaik","ramsarswat16",1
"1020","shubhammarian","BaradaDs",0
"1021","shubhlime","cioandleader",0
"1022","shyoranrakesh","BHANWARLALSUTH7",0
"1023","SickularLibtard","pintujadhavbjp",1
"1024","siddhigan58","Policewalaaa",0
"1025","siddhu_75","smartcityfeed",0
"1026","sidnairatwork","Himkunzum",0
"1027","sidvee","dropandlob",0
"1028","SikhaSunam","noyabrinaknyaz2",0
"1029","Silent_budhha","geekgpa",0
"1030","silvanfokin4","dnishesh",0
"1031","SimplyShilpi_89","differotically",0
"1032","singandhupe","SethShruti",0
"1033","singh_shaantanu","niterfoheel1972",0
"1034","SinhaPune","namoksath",0
"1035","SinhaPune","sethichandigarh",0
"1036","siri_notsiri","embracetheart",1
"1037","siri_notsiri","svaneksmith",-1
"1038","siripuramrk","BRINKAsia",0
"1039","sirpandyahardik","hashiTharoor",-1
"1040","sirpandyahardik","Patelzuber",-1
"1041","sistlamurali","mega_murali",1
"1042","sm_influencer","Sweetseii",0
"1043","smarket","dhruvbhim",1
"1044","smarket","smarket",0
"1045","smarket","smarket",0
"1046","smartcityfeed","siddhu_75",0
"1047","SMedia4","shravankapoor1",1
"1048","smilingshivani","jitubhaiyajgd",0
"1049","Smita_Dutta_","rajadebche",0
"1050","SmritiIrunI","gopalak82004469",0
"1051","snatansupremacy","hstapanghosh",-1
"1052","snehabanerg","bpuand",0
"1053","snipedot23","TwoBrosGaming",0
"1054","so87005","imSatnam_",0
"1055","solemnisismemes","ilusions4",0
"1056","soumikdas","emanmann2",1
"1057","sourabhx25","prashantktm",0
"1058","sourava88384237","asraghunath",0
"1059","sourishwithu","CB_CII",0
"1060","spati2012","harvansh_batra",1
"1061","spati2012","malathik1129",1
"1062","squaregas","SquareGas",-1
"1063","SquareGas","squaregas",1
"1064","SRGanguli1","visaradah",0
"1065","Sri_Sri2002","max4974",0
"1066","SrinagarTimes_","kaisarganie26",0
"1067","sriniwas007","ShankhNaad",0
"1068","srinjoymukherji","ChandrajitCM",0
"1069","srirambjp","neelu020793",0
"1070","ssssidddd","manishaBJP",0
"1071","StateBank_Pak","denisvtjsp",0
"1072","stausifr","ashahul",0
"1073","stevewal63","seandotau",0
"1074","strategy_indica","vifindia",0
"1075","StreetBuzzApp","anshujuhee",0
"1076","stuartkenyon81","mituamin",0
"1077","stupidosaur","Anand_SolKnight",-1
"1078","stupidosaur","FedoraDaExplora",-1
"1079","subh851","coomarashish",-1
"1080","subh851","subichaturvedi",-1
"1081","subichaturvedi","rasita",0
"1082","subichaturvedi","subh851",1
"1083","subodh_sarthi","ayushman_06",0
"1084","sudhiirkrishnan","medianama",0
"1085","sudhirputhran","iSKatiyar",0
"1086","suhana41","AnandM25_TNIE",-1
"1087","suhana41","asiannewsindia",-1
"1088","suhana41","News_Pictures1",-1
"1089","suhana41","tweetmods",-1
"1090","Suicidal_Hindu","anarchified",1
"1091","suitablydumb","ChickenBiryanii",0
"1092","sujitkumar5555","ajaymaken",-1
"1093","sujitkumar5555","vinaydokania",-1
"1094","sujitmo77246284","TheModiEra",0
"1095","sumitbhati2002","sumitbhati2002",0
"1096","sumitbhati2002","sumitbhati2002",0
"1097","sumongantait","__yamaniyaa",0
"1098","SundayTweeter","sh98",0
"1099","sundeepgummadi","rohitagarwal86",1
"1100","sunil131415","doga_uncle",0
"1101","sunilrajguru","imsgsingh",0
"1102","SunilSinghBJP","everg3",1
"1103","sunnyboyrohit","mypoolin",0
"1104","Suparna_Singh","bindaas_jhakaas",1
"1105","sureshultimate","urssrilu666",0
"1106","SushmaMMaurya","jumle_baaz",0
"1107","SV99999","ramramji10008",0
"1108","svaneksmith","siri_notsiri",1
"1109","svp7","FinancialXpress",-1
"1110","Swadlamudi","ahmedwasim553",0
"1111","swatisam","valsaw",0
"1112","SwatiSaxena1231","vinayparihar111",0
"1113","swatisharma1105","AbuRC1981",0
"1114","Sweetseii","sm_influencer",0
"1115","swrpa733124","swrpa733124",0
"1116","swrpa733124","swrpa733124",0
"1117","tabassumzia","HP_Journo",0
"1118","TalkOrTweets","brijwhiz",0
"1119","tanveer1729","kanikacart",0
"1120","TarekFatah","rrr23saini",1
"1121","tarifameen","utimutualfund",0
"1122","taxmannindia","legalassistadv",0
"1123","tech_singapore","cubishopcom",0
"1124","technogit","headstartdelhi",0
"1125","technowornever","bijonmehta",0
"1126","telanganafacts","inIT_Telangan",0
"1127","temporary_handl","aviralmittal",1
"1128","the_kkkkhk","vimalmittal26",0
"1129","theablamard","ElectionCmsn",0
"1130","TheApplop","indiandropout",0
"1131","TheChaoticNinja","realsunilkumar",0
"1132","TheFounder2013","kalpitraval",0
"1133","TheHapppySoul","punitspeaks",1
"1134","theicai","govinms",1
"1135","TheJeonsa","dharamsahab",1
"1136","TheModiEra","sujitmo77246284",0
"1137","TheOfficialSBI","bharat2004",0
"1138","thePhaserdotcom","nuevomedio",0
"1139","thetanmay","misail_kalinin",0
"1140","ThinkingHearts","pintujadhavbjp",1
"1141","thunderf00t","iceyurifo1iv3",0
"1142","tiebangalore","radha__rk",0
"1143","timane","timane",0
"1144","timane","timane",0
"1145","TimesNow_","saachin20",1
"1146","TimesOFAssam","maninderonline",0
"1147","tinabasetia","farhanshaikh14",0
"1148","tncpim","gyanendraw",1
"1149","tncpim","vmkapre",0
"1150","tolerantdesii","avarakai",-1
"1151","TomoNewsUS","momsdemandail",0
"1152","TradHin","satyabhashnam",0
"1153","trickydonor","drvds59",0
"1154","trivedia1234","raghump10",1
"1155","trustingindia","bansala_amit",-1
"1156","trutherbotjkr","RonsNewsFeed",0
"1157","TruthRoars","razorsspark",0
"1158","TS_SinghDeo","deepakkhatri812",1
"1159","tsezarlilms","dhanbiogr",0
"1160","tubenewsen","worldnews_net",0
"1161","Tweenvi","ddsez",1
"1162","Tweenvi","samyagdrsti",1
"1163","tweetmods","suhana41",1
"1164","tweetsfromarnab","ndtv",0
"1165","TweetZaade","manutimsina",0
"1166","twit2abhi","pinaki_dasgupta",0
"1167","TwoBrosGaming","snipedot23",0
"1168","udaygour","ellinasm8",0
"1169","Undoomed","fantomas0001",0
"1170","unicornisland11","iilillysinghhii",0
"1171","UnSubtleDesi","sainath_kits",0
"1172","uppalj","yarrowin",0
"1173","urbantreehomes","ctrlaltdel007",0
"1174","urssrilu666","sureshultimate",0
"1175","utimutualfund","tarifameen",0
"1176","UttarandhraNow","yallavamsi",0
"1177","vac22","krist0ph3r",0
"1178","vaibhavg10","sailorsmoon",-1
"1179","vaidus","jeet_esolutions",0
"1180","valsaw","swatisam",0
"1181","VandanaSsingh","gani786786",0
"1182","vanichandra2010","monty_chadha",0
"1183","vanosenigma","AndrogynyV",0
"1184","varibar02_dr","jenaanindya",0
"1185","vasishtaneelesh","ePaisa",-1
"1186","vbeachcomber","a_miglani",0
"1187","vdehejia","khilav",0
"1188","veena2611","Rahultheroxtar",0
"1189","veer_purush","s_manjari",0
"1190","VFSPL","ceo_of_my_life",0
"1191","victoryfornamo","parthology",0
"1192","victoryvinoll","Chopsyturvey",-1
"1193","vifindia","strategy_indica",0
"1194","vijaisalins","MonicaDubey",0
"1195","vijaychavda9","harshkkapoor",1
"1196","vimalmittal26","the_kkkkhk",0
"1197","vinay1011","amberswami",1
"1198","vinaydokania","sujitkumar5555",1
"1199","vinaymathews","MSA_IND",0
"1200","vinayparihar111","SwatiSaxena1231",0
"1201","vinit_shah1","LODHA",0
"1202","vinitadeshmukh","sawandutta",0
"1203","vinoohora","DyingConsciousn",-1
"1204","vipulit","BeingHindu",-1
"1205","virbhadrasingh","satish_patidar_",1
"1206","visaradah","SRGanguli1",0
"1207","vishalkumarg87","akka_Jacob",0
"1208","vishalvkumar","davinder2010",0
"1209","vivekkapoor111","akron_88",-1
"1210","vivekkapoor111","ashish0108sheth",-1
"1211","vjkolli","RatheeshVgopal",0
"1212","vmkapre","tncpim",0
"1213","vmlsanna9","harvansh_batra",1
"1214","vmohan53","saxenask352",0
"1215","voiceoframorg","VoiceOfRamOrg",0
"1216","VoiceOfRamOrg","voiceoframorg",0
"1217","vrsrini","omgupta60",0
"1218","vshl_007","vshl_007",0
"1219","vshl_007","vshl_007",0
"1220","wahabtariqbutt","lamboomishra",0
"1221","wavehit","DesiUvach",-1
"1222","wavehit","Nesenag",-1
"1223","wef","rootsrachere191",0
"1224","whartonknows","zain_raj",0
"1225","WhirlingDervesh","indieanarch",1
"1226","Whitesquall_87","rageafterstorm",0
"1227","WIONews","hoskotevish89",0
"1228","WithCongress","ankitsa44603749",1
"1229","worldnews_net","tubenewsen",0
"1230","xglgu5obsw9j6xe","616476fbde873af",0
"1231","Xtechnews","foodmfguk",0
"1232","yallavamsi","UttarandhraNow",0
"1233","yaroslavs5kop","Accion",0
"1234","yarrowin","uppalj",0
"1235","yeonancyb","AsiaSociety",0
"1236","yogeshdhamii","YogeshDhamii",0
"1237","YogeshDhamii","yogeshdhamii",0
"1238","ysingh7680","zalimkhanzsh0",0
"1239","YSRCPFriends","mallika00853159",1
"1240","yugaparivartan","devn29",1
"1241","zaalimanna","kanikacart",-1
"1242","zaalimanna","Karnikakahen",-1
"1243","zaalimanna","roamingraghu",-1
"1244","zaalimanna","Sanginamby",-1
"1245","zain_raj","whartonknows",0
"1246","zakikhanaimimi","AIMIM_faraaz",0
"1247","zalimkhanzsh0","ysingh7680",0
"1248","zasambhu","_Hinduism_",-1
"1249","ZeniaIrani","forged_steele",0
"1250","ZERCHapp","deepak_mvs",0
"1251","ZestMoney","jainsaurabh85",0
"1252","ziaahmedkhan","mhmd2030",0
